title,variant,price,imgUrl,link,l1,l2,inviteId,modelId,final_1688_link,price judge,update date,itemid,最大价格,tag,共有model数,l3
M104 - 漂亮的露肩上衣，饰有金色装饰。面料非常柔软。,黑糖,19.77,https://cf.shopee.co.th/file/th-11134207-81ztn-mfjoc5z6rdov4f,http://shopee.co.th/product/4779514/24047348752,Women Clothes,Tops,IVCN202606090766,1.10E+11,https://detail.1688.com/offer/1016227565599.html?fromkv=cbuPcPlugin:imageSearchDrawerCard&spm=a2639h.29135425.offerlist.i0&source=action%23offerItem%3Borigin%23cf.shopee.co.th&amug_biz=oneself&amug_fl_src=awakeId_982,,,24047348752,,,1,Tanks & Camisoles
女士长袖冬季连体衣三件套，带衬里，休闲款，氨纶材质,白色/灰色/黑色，G,24.81,https://cf.shopee.com.br/file/br-11134207-7r98o-mc2i7asyoc79d0,http://shopee.com.br/product/959459848/24344093727,Women Clothes,Tops,IVCN202606091570,3.56E+11,https://detail.1688.com/offer/872853558928.html?fromkv=cbuPcPlugin:imageSearchDrawerCard&spm=a2639h.29135425.offerlist.i3&source=action%23offerItem%3Borigin%23cf.shopee.com.br&amug_biz=oneself&amug_fl_src=awakeId_982,,,24344093727,,,24,Bodysuits
女士长袖冬季连体衣三件套，带衬里，休闲款，氨纶材质,白色/灰色/黑色，GG,25.56,https://cf.shopee.com.br/file/br-11134207-7r98o-mc2i7asyoc79d0,http://shopee.com.br/product/959459848/24344093727,Women Clothes,Tops,IVCN202606091570,4.26E+11,https://detail.1688.com/offer/872853558928.html?fromkv=cbuPcPlugin:imageSearchDrawerCard&spm=a2639h.29135425.offerlist.i3&source=action%23offerItem%3Borigin%23cf.shopee.com.br&amug_biz=oneself&amug_fl_src=awakeId_982,,,24344093727,,,24,Bodysuits
女士长袖冬季连体衣三件套，带衬里，休闲款，氨纶材质,白色/灰色/黑色，M,25.52,https://cf.shopee.com.br/file/br-11134207-7r98o-mc2i7asyoc79d0,http://shopee.com.br/product/959459848/24344093727,Women Clothes,Tops,IVCN202606091570,3.56E+11,https://detail.1688.com/offer/872853558928.html?fromkv=cbuPcPlugin:imageSearchDrawerCard&spm=a2639h.29135425.offerlist.i3&source=action%23offerItem%3Borigin%23cf.shopee.com.br&amug_biz=oneself&amug_fl_src=awakeId_982,,,24344093727,,,24,Bodysuits
女士长袖冬季连体衣三件套，带衬里，休闲款，氨纶材质,白色/灰色/黑色，P,24.65,https://cf.shopee.com.br/file/br-11134207-7r98o-mc2i7asyoc79d0,http://shopee.com.br/product/959459848/24344093727,Women Clothes,Tops,IVCN202606091570,2.48E+11,https://detail.1688.com/offer/923802656474.html?spm=a26352.b28411319.offerlist.6.407a1e62QcA7aC,,,24344093727,,,24,Bodysuits
女士长袖冬季连体衣三件套，带衬里，休闲款，氨纶材质,白色/棕色/黑色，大号,24.47,https://cf.shopee.com.br/file/br-11134207-7r98o-mc2i7asypqrpc8,http://shopee.com.br/product/959459848/24344093727,Women Clothes,Tops,IVCN202606091570,3.56E+11,https://detail.1688.com/offer/872853558928.html?fromkv=cbuPcPlugin:imageSearchDrawerCard&spm=a2639h.29135425.offerlist.i3&source=action%23offerItem%3Borigin%23cf.shopee.com.br&amug_biz=oneself&amug_fl_src=awakeId_982,,,24344093727,,,24,Bodysuits
女士长袖冬季连体衣三件套，带衬里，休闲款，氨纶材质,白色/棕色/黑色，XL,24.63,https://cf.shopee.com.br/file/br-11134207-7r98o-mc2i7asypqrpc8,http://shopee.com.br/product/959459848/24344093727,Women Clothes,Tops,IVCN202606091570,3.56E+11,https://detail.1688.com/offer/872853558928.html?fromkv=cbuPcPlugin:imageSearchDrawerCard&spm=a2639h.29135425.offerlist.i3&source=action%23offerItem%3Borigin%23cf.shopee.com.br&amug_biz=oneself&amug_fl_src=awakeId_982,,2026/6/22,24344093727,,,24,Bodysuits
女士长袖冬季连体衣三件套，带衬里，休闲款，氨纶材质,白色/棕色/黑色，M,25.25,https://cf.shopee.com.br/file/br-11134207-7r98o-mc2i7asypqrpc8,http://shopee.com.br/product/959459848/24344093727,Women Clothes,Tops,IVCN202606091570,3.56E+11,https://detail.1688.com/offer/872853558928.html?fromkv=cbuPcPlugin:imageSearchDrawerCard&spm=a2639h.29135425.offerlist.i3&source=action%23offerItem%3Borigin%23cf.shopee.com.br&amug_biz=oneself&amug_fl_src=awakeId_982,,2026/6/22,24344093727,,,24,Bodysuits
女士长袖冬季连体衣三件套，带衬里，休闲款，氨纶材质,白色/棕色/黑色，P,24.36,https://cf.shopee.com.br/file/br-11134207-7r98o-mc2i7asypqrpc8,http://shopee.com.br/product/959459848/24344093727,Women Clothes,Tops,IVCN202606091570,2.48E+11,https://detail.1688.com/offer/923802656474.html?spm=a26352.b28411319.offerlist.6.407a1e62QcA7aC,,2026/6/22,24344093727,,,24,Bodysuits
女士长袖冬季连体衣三件套，带衬里，休闲款，氨纶材质,灰/棕/黑，大号,25.2,https://cf.shopee.com.br/file/br-11134207-7r98o-mc2i7asyr5c564,http://shopee.com.br/product/959459848/24344093727,Women Clothes,Tops,IVCN202606091570,3.56E+11,https://detail.1688.com/offer/872853558928.html?fromkv=cbuPcPlugin:imageSearchDrawerCard&spm=a2639h.29135425.offerlist.i3&source=action%23offerItem%3Borigin%23cf.shopee.com.br&amug_biz=oneself&amug_fl_src=awakeId_982,,2026/6/22,24344093727,,,24,Bodysuits
女士长袖冬季连体衣三件套，带衬里，休闲款，氨纶材质,灰/棕/黑，XL,25.36,https://cf.shopee.com.br/file/br-11134207-7r98o-mc2i7asyr5c564,http://shopee.com.br/product/959459848/24344093727,Women Clothes,Tops,IVCN202606091570,3.56E+11,https://detail.1688.com/offer/872853558928.html?fromkv=cbuPcPlugin:imageSearchDrawerCard&spm=a2639h.29135425.offerlist.i3&source=action%23offerItem%3Borigin%23cf.shopee.com.br&amug_biz=oneself&amug_fl_src=awakeId_982,,2026/6/22,24344093727,,,24,Bodysuits
女士长袖冬季连体衣三件套，带衬里，休闲款，氨纶材质,灰/棕/黑，M,25.17,https://cf.shopee.com.br/file/br-11134207-7r98o-mc2i7asyr5c564,http://shopee.com.br/product/959459848/24344093727,Women Clothes,Tops,IVCN202606091570,3.56E+11,https://detail.1688.com/offer/872853558928.html?fromkv=cbuPcPlugin:imageSearchDrawerCard&spm=a2639h.29135425.offerlist.i3&source=action%23offerItem%3Borigin%23cf.shopee.com.br&amug_biz=oneself&amug_fl_src=awakeId_982,,2026/6/22,24344093727,,,24,Bodysuits
女士长袖冬季连体衣三件套，带衬里，休闲款，氨纶材质,灰/棕/黑，P,25.61,https://cf.shopee.com.br/file/br-11134207-7r98o-mc2i7asyr5c564,http://shopee.com.br/product/959459848/24344093727,Women Clothes,Tops,IVCN202606091570,2.48E+11,https://detail.1688.com/offer/923802656474.html?spm=a26352.b28411319.offerlist.6.407a1e62QcA7aC,,2026/6/22,24344093727,,,24,Bodysuits
女士长袖冬季连体衣三件套，带衬里，休闲款，氨纶材质,黑/白/玛萨拉红，G,26.46,https://cf.shopee.com.br/file/br-11134207-820mb-moedw6ylx81v74,http://shopee.com.br/product/959459848/24344093727,Women Clothes,Tops,IVCN202606091570,3.16E+11,,,2026/6/22,24344093727,,,24,Bodysuits
女士长袖冬季连体衣三件套，带衬里，休闲款，氨纶材质,黑/白/玛萨拉红，GG,27.19,https://cf.shopee.com.br/file/br-11134207-820mb-moedw6ylx81v74,http://shopee.com.br/product/959459848/24344093727,Women Clothes,Tops,IVCN202606091570,3.16E+11,,,2026/6/22,24344093727,,,24,Bodysuits
女士长袖冬季连体衣三件套，带衬里，休闲款，氨纶材质,黑色/白色/酒红色，M,27.14,https://cf.shopee.com.br/file/br-11134207-820mb-moedw6ylx81v74,http://shopee.com.br/product/959459848/24344093727,Women Clothes,Tops,IVCN202606091570,3.16E+11,,,2026/6/22,24344093727,,,24,Bodysuits
女士长袖冬季连体衣三件套，带衬里，休闲款，氨纶材质,黑/白/玛萨拉红，P,26.44,https://cf.shopee.com.br/file/br-11134207-820mb-moedw6ylx81v74,http://shopee.com.br/product/959459848/24344093727,Women Clothes,Tops,IVCN202606091570,3.16E+11,,,2026/6/22,24344093727,,,24,Bodysuits
女士长袖冬季连体衣三件套，带衬里，休闲款，氨纶材质,黑色/灰色/酒红色，G,27.83,https://cf.shopee.com.br/file/br-11134207-820m3-moedw6yrfa4mbf,http://shopee.com.br/product/959459848/24344093727,Women Clothes,Tops,IVCN202606091570,4.01E+11,,,2026/6/22,24344093727,,,24,Bodysuits
女士长袖冬季连体衣三件套，带衬里，休闲款，氨纶材质,黑色/灰色/酒红色，GG,27.68,https://cf.shopee.com.br/file/br-11134207-820m3-moedw6yrfa4mbf,http://shopee.com.br/product/959459848/24344093727,Women Clothes,Tops,IVCN202606091570,4.01E+11,,,2026/6/22,24344093727,,,24,Bodysuits
女士长袖冬季连体衣三件套，带衬里，休闲款，氨纶材质,黑色/灰色/酒红色，M,27.96,https://cf.shopee.com.br/file/br-11134207-820m3-moedw6yrfa4mbf,http://shopee.com.br/product/959459848/24344093727,Women Clothes,Tops,IVCN202606091570,4.01E+11,,,2026/6/22,24344093727,,,24,Bodysuits
女士长袖冬季连体衣三件套，带衬里，休闲款，氨纶材质,黑色/灰色/酒红色，P,27.76,https://cf.shopee.com.br/file/br-11134207-820m3-moedw6yrfa4mbf,http://shopee.com.br/product/959459848/24344093727,Women Clothes,Tops,IVCN202606091570,4.01E+11,,,2026/6/22,24344093727,,,24,Bodysuits
女士长袖冬季连体衣三件套，带衬里，休闲款，氨纶材质,黑色/玛萨拉红/棕色，G,26.07,https://cf.shopee.com.br/file/br-11134207-820m0-mopot4jcgkjp9e,http://shopee.com.br/product/959459848/24344093727,Women Clothes,Tops,IVCN202606091570,3.31E+11,,,2026/6/22,24344093727,,,24,Bodysuits
女士长袖冬季连体衣三件套，带衬里，休闲款，氨纶材质,黑色/玛萨拉红/棕色，GG,26.31,https://cf.shopee.com.br/file/br-11134207-820m0-mopot4jcgkjp9e,http://shopee.com.br/product/959459848/24344093727,Women Clothes,Tops,IVCN202606091570,3.31E+11,,,2026/6/22,24344093727,,,24,Bodysuits
女士长袖冬季连体衣三件套，带衬里，休闲款，氨纶材质,黑色/酒红色/棕色，M,27.48,https://cf.shopee.com.br/file/br-11134207-820m0-mopot4jcgkjp9e,http://shopee.com.br/product/959459848/24344093727,Women Clothes,Tops,IVCN202606091570,3.31E+11,,,2026/6/22,24344093727,,,24,Bodysuits
女士长袖冬季连体衣三件套，带衬里，休闲款，氨纶材质,黑色/酒红色/棕色，P,27.53,https://cf.shopee.com.br/file/br-11134207-820m0-mopot4jcgkjp9e,http://shopee.com.br/product/959459848/24344093727,Women Clothes,Tops,IVCN202606091570,3.31E+11,,,2026/6/22,24344093727,,,24,Bodysuits
Aucity Studio AMBER 上衣 - 修身露脐船领上衣,黄金，S,7.49,https://cf.shopee.vn/file/vn-11134207-7ras8-mbrw5crwsx2i11,http://shopee.vn/product/425588274/25934697496,Women Clothes,Tops,IVCN202606090770,2.43E+11,,,2026/6/22,25934697496,,,5,T-shirts
Aucity Studio AMBER 上衣 - 修身露脐船领上衣,怀特，S,6.37,https://cf.shopee.vn/file/vn-11134207-7ras8-mbrw3ueycodu1f,http://shopee.vn/product/425588274/25934697496,Women Clothes,Tops,IVCN202606090770,2.51E+11,https://detail.1688.com/offer/696959703106.html?spm=a26352.b28411319.offerlist.23.f4b81e62wVTnH1,,2026/6/22,25934697496,,,5,T-shirts
Aucity Studio AMBER 上衣 - 修身露脐船领上衣,怀特，M,6.58,https://cf.shopee.vn/file/vn-11134207-7ras8-mbrw3ueycodu1f,http://shopee.vn/product/425588274/25934697496,Women Clothes,Tops,IVCN202606090770,2.51E+11,https://detail.1688.com/offer/696959703106.html?spm=a26352.b28411319.offerlist.23.f4b81e62wVTnH1,,2026/6/22,25934697496,,,5,T-shirts
Aucity Studio AMBER 上衣 - 修身露脐船领上衣,黑色，S,7.85,https://cf.shopee.vn/file/vn-11134207-7ras8-mbrw3wruwfhudd,http://shopee.vn/product/425588274/25934697496,Women Clothes,Tops,IVCN202606090770,2.57E+11,https://detail.1688.com/offer/696959703106.html?spm=a26352.b28411319.offerlist.23.f4b81e62wVTnH1,,2026/6/22,25934697496,,,5,T-shirts
Aucity Studio AMBER 上衣 - 修身露脐船领上衣,黑色，M,6.53,https://cf.shopee.vn/file/vn-11134207-7ras8-mbrw3wruwfhudd,http://shopee.vn/product/425588274/25934697496,Women Clothes,Tops,IVCN202606090770,2.57E+11,https://detail.1688.com/offer/696959703106.html?spm=a26352.b28411319.offerlist.23.f4b81e62wVTnH1,,2026/6/22,25934697496,,,5,T-shirts
BEMYCHIC BETTY TOP 系带露脐上衣,贝蒂·怀特，S,28.31,https://cf.shopee.co.th/file/th-11134207-81zte-mdw093ltqjuo35,http://shopee.co.th/product/403586658/27030695348,Women Clothes,Tops,IVCN202606090785,1.98E+11,https://detail.1688.com/offer/970316016189.html?fromkv=cbuPcPlugin:imageSearchDrawerCard&spm=a2639h.29135425.offerlist.i136&source=action%23offerItem%3Borigin%23shopee.co.th&amug_biz=oneself&amug_fl_src=awakeId_982,,2026/6/22,27030695348,,,3,Tanks & Camisoles
BEMYCHIC BETTY TOP 系带露脐上衣,贝蒂·怀特，M,28.86,https://cf.shopee.co.th/file/th-11134207-81zte-mdw093ltqjuo35,http://shopee.co.th/product/403586658/27030695348,Women Clothes,Tops,IVCN202606090785,1.98E+11,https://detail.1688.com/offer/907412381063.html?spm=a26352.b28411319.offerlist.6.79841e62zD5acn,,2026/6/22,27030695348,,,3,Tanks & Camisoles
BEMYCHIC BETTY TOP 系带露脐上衣,贝蒂·怀特，L,25.32,https://cf.shopee.co.th/file/th-11134207-81zte-mdw093ltqjuo35,http://shopee.co.th/product/403586658/27030695348,Women Clothes,Tops,IVCN202606090785,2.49E+11,,,2026/6/22,27030695348,,,3,Tanks & Camisoles
女士衬衫，复古刺绣，Y2K风格，THELSTUDIOS,白色（签名款），加大码,32.51,https://cf.shopee.vn/file/vn-11134207-81ztc-mm78d5x039qgdb,http://shopee.vn/product/152865784/27632982328,Women Clothes,Tops,IVCN202606090797,3.71E+11,https://detail.1688.com/offer/1038727499306.html?fromkv=cbuPcPlugin:imageSearchDrawerCard&spm=a2639h.29135425.offerlist.i11&source=action%23offerItem%3Borigin%23cf.shopee.vn&amug_biz=oneself&amug_fl_src=awakeId_982,,2026/6/22,27632982328,,,3,Shirts & Blouses
女士衬衫，复古刺绣，Y2K风格，THELSTUDIOS,白色（签名款），S,32.68,https://cf.shopee.vn/file/vn-11134207-81ztc-mm78d5x039qgdb,http://shopee.vn/product/152865784/27632982328,Women Clothes,Tops,IVCN202606090797,4.16E+11,https://detail.1688.com/offer/899826495162.html?spm=a26352.b28411319/2508.0.0&cosite=-&tracelog=p4p&_p_isad=1&clickid=f1743dde3db64e1f9e814dd0b425f1de&sessionid=a5934f560a08095e51a95cc17542469f,,2026/6/22,27632982328,,,3,Shirts & Blouses
女士衬衫，复古刺绣，Y2K风格，THELSTUDIOS,白色（签名款），M,32.56,https://cf.shopee.vn/file/vn-11134207-81ztc-mm78d5x039qgdb,http://shopee.vn/product/152865784/27632982328,Women Clothes,Tops,IVCN202606090797,4.16E+11,https://detail.1688.com/offer/899826495162.html?spm=a26352.b28411319/2508.0.0&cosite=-&tracelog=p4p&_p_isad=1&clickid=f1743dde3db64e1f9e814dd0b425f1de&sessionid=a5934f560a08095e51a95cc17542469f,,2026/6/22,27632982328,,,3,Shirts & Blouses
你是最棒的🔗👀🙌🏻,JU 美白霜，L-XL,25.12,https://cf.shopee.co.th/file/th-11134207-7r98z-lvn36x6xywd90a,http://shopee.co.th/product/161346694/27800755917,Women Clothes,Tops,IVCN202606090803,2.42E+11,https://detail.1688.com/offer/821627658799.html?kj_agent_plugin=aliprice&fromkv=xytTrace:2146915b17501287282738866e1475&token=iB9JujTUWGj6vvfgzcBxk1P5qyEDRZR0fU2ffpZw7Jrs4rjgIQO9xkk22Y%2FBtBMW,,2026/6/22,27800755917,,,6,Others
你是最棒的🔗👀🙌🏻,JU White Cream，S-M,31.09,https://cf.shopee.co.th/file/th-11134207-7r98z-lvn36x6xywd90a,http://shopee.co.th/product/161346694/27800755917,Women Clothes,Tops,IVCN202606090803,2.42E+11,https://detail.1688.com/offer/939619205627.html?fromkv=cbuPcPlugin:imageSearchDrawerCard&spm=a2639h.29135425.offerlist.i2&source=action%23offerItem%3Borigin%23shopee.co.th&amug_biz=oneself&amug_fl_src=awakeId_982,,2026/6/22,27800755917,,,6,Others
你是最棒的🔗👀🙌🏻,JU黑色，L-XL,31.46,https://cf.shopee.co.th/file/th-11134207-7r98r-lvn36x6xjg4d48,http://shopee.co.th/product/161346694/27800755917,Women Clothes,Tops,IVCN202606090803,2.42E+11,https://detail.1688.com/offer/939619205627.html?fromkv=cbuPcPlugin:imageSearchDrawerCard&spm=a2639h.29135425.offerlist.i2&source=action%23offerItem%3Borigin%23shopee.co.th&amug_biz=oneself&amug_fl_src=awakeId_982,,2026/6/22,27800755917,,,6,Others
你是最棒的🔗👀🙌🏻,JU黑色，S-M,31.25,https://cf.shopee.co.th/file/th-11134207-7r98r-lvn36x6xjg4d48,http://shopee.co.th/product/161346694/27800755917,Women Clothes,Tops,IVCN202606090803,2.42E+11,https://detail.1688.com/offer/939619205627.html?fromkv=cbuPcPlugin:imageSearchDrawerCard&spm=a2639h.29135425.offerlist.i2&source=action%23offerItem%3Borigin%23shopee.co.th&amug_biz=oneself&amug_fl_src=awakeId_982,,2026/6/22,27800755917,,,6,Others
你是最棒的🔗👀🙌🏻,JU Sugar，S-M,31.35,https://cf.shopee.co.th/file/th-11134207-7r98p-lvn36x6xjge2ff,http://shopee.co.th/product/161346694/27800755917,Women Clothes,Tops,IVCN202606090803,2.42E+11,https://detail.1688.com/offer/939619205627.html?fromkv=cbuPcPlugin:imageSearchDrawerCard&spm=a2639h.29135425.offerlist.i2&source=action%23offerItem%3Borigin%23shopee.co.th&amug_biz=oneself&amug_fl_src=awakeId_982,,2026/6/22,27800755917,,,6,Others
你是最棒的🔗👀🙌🏻,JU Sky，S-M,31.46,https://cf.shopee.co.th/file/th-11134207-7r990-lvn36x6xywmyb4,http://shopee.co.th/product/161346694/27800755917,Women Clothes,Tops,IVCN202606090803,2.42E+11,https://detail.1688.com/offer/939619205627.html?fromkv=cbuPcPlugin:imageSearchDrawerCard&spm=a2639h.29135425.offerlist.i2&source=action%23offerItem%3Borigin%23shopee.co.th&amug_biz=oneself&amug_fl_src=awakeId_982,,2026/6/22,27800755917,,,6,Others
（现货）Bemingtop909（S-XL）- Cody 半拉链 Polo 衫 - 针织 Polo 衫，半拉链领，紧密编织但柔软的面料。,奶油，L,28.28,https://cf.shopee.co.th/file/th-11134207-81ztn-moe2de979gr1bf,http://shopee.co.th/product/306079119/27931427802,Women Clothes,Tops,IVCN202606090816,79890825097,https://detail.1688.com/offer/825882199420.html?fromkv=cbuPcPlugin:imageSearchDrawerCard&spm=a2639h.29135425.offerlist.i10&source=action%23offerItem%3Borigin%23cf.shopee.co.th&amug_biz=oneself&amug_fl_src=awakeId_982,,2026/6/22,27931427802,,,11,Polo Shirts
（现货）Bemingtop909（S-XL）- Cody 半拉链 Polo 衫 - 针织 Polo 衫，半拉链领，紧密编织但柔软的面料。,奶油，M,28.16,https://cf.shopee.co.th/file/th-11134207-81ztn-moe2de979gr1bf,http://shopee.co.th/product/306079119/27931427802,Women Clothes,Tops,IVCN202606090816,79540464597,https://detail.1688.com/offer/825882199420.html?fromkv=cbuPcPlugin:imageSearchDrawerCard&spm=a2639h.29135425.offerlist.i10&source=action%23offerItem%3Borigin%23cf.shopee.co.th&amug_biz=oneself&amug_fl_src=awakeId_982,,2026/6/22,27931427802,,,11,Polo Shirts
（现货）Bemingtop909（S-XL）- Cody 半拉链 Polo 衫 - 针织 Polo 衫，半拉链领，紧密编织但柔软的面料。,奶油，S,29.7,https://cf.shopee.co.th/file/th-11134207-81ztn-moe2de979gr1bf,http://shopee.co.th/product/306079119/27931427802,Women Clothes,Tops,IVCN202606090816,79890825092,https://detail.1688.com/offer/888892077122.html?fromkv=cbuPcPlugin:imageSearchDrawerCard&spm=a2639h.29135425.offerlist.i1&source=action%23offerItem%3Borigin%23shopee.co.th&amug_biz=oneself&amug_fl_src=awakeId_982,,2026/6/22,27931427802,,,11,Polo Shirts
（现货）Bemingtop909（S-XL）- Cody 半拉链 Polo 衫 - 针织 Polo 衫，半拉链领，紧密编织但柔软的面料。,奶油色，XL,26.68,https://cf.shopee.co.th/file/th-11134207-81ztn-moe2de979gr1bf,http://shopee.co.th/product/306079119/27931427802,Women Clothes,Tops,IVCN202606090816,79540464602,https://detail.1688.com/offer/888892077122.html?fromkv=cbuPcPlugin:imageSearchDrawerCard&spm=a2639h.29135425.offerlist.i1&source=action%23offerItem%3Borigin%23shopee.co.th&amug_biz=oneself&amug_fl_src=awakeId_982,,2026/6/22,27931427802,,,11,Polo Shirts
（现货）Bemingtop909（S-XL）- Cody 半拉链 Polo 衫 - 针织 Polo 衫，半拉链领，紧密编织但柔软的面料。,蜜桃粉色，M,36.13,https://cf.shopee.co.th/file/th-11134207-81zte-mocl8hyfkq2o2b,http://shopee.co.th/product/306079119/27931427802,Women Clothes,Tops,IVCN202606090816,79890825095,https://detail.1688.com/offer/913785733874.html?spm=a26352.b28411319.offerlist.16.2c961e62X0r4Jr,,2026/6/22,27931427802,,,11,Polo Shirts
（现货）Bemingtop909（S-XL）- Cody 半拉链 Polo 衫 - 针织 Polo 衫，半拉链领，紧密编织但柔软的面料。,粉桃色，S,37,https://cf.shopee.co.th/file/th-11134207-81zte-mocl8hyfkq2o2b,http://shopee.co.th/product/306079119/27931427802,Women Clothes,Tops,IVCN202606090816,79540464607,https://detail.1688.com/offer/913785733874.html?spm=a26352.b28411319.offerlist.6.2bbc1e62Eacy1E,,2026/6/22,27931427802,,,11,Polo Shirts
（现货）Bemingtop909（S-XL）- Cody 半拉链 Polo 衫 - 针织 Polo 衫，半拉链领，紧密编织但柔软的面料。,蜜桃粉色，加大码,30.85,https://cf.shopee.co.th/file/th-11134207-81zte-mocl8hyfkq2o2b,http://shopee.co.th/product/306079119/27931427802,Women Clothes,Tops,IVCN202606090816,79540464599,https://detail.1688.com/offer/825882199420.html?fromkv=cbuPcPlugin:imageSearchDrawerCard&spm=a2639h.29135425.offerlist.i10&source=action%23offerItem%3Borigin%23cf.shopee.co.th&amug_biz=oneself&amug_fl_src=awakeId_982,,2026/6/22,27931427802,,,11,Polo Shirts
（现货）Bemingtop909（S-XL）- Cody 半拉链 Polo 衫 - 针织 Polo 衫，半拉链领，紧密编织但柔软的面料。,黑色，L,30.67,https://cf.shopee.co.th/file/th-11134207-81ztg-mocl82xe45qj60,http://shopee.co.th/product/306079119/27931427802,Women Clothes,Tops,IVCN202606090816,69890955109,https://detail.1688.com/offer/825882199420.html?fromkv=cbuPcPlugin:imageSearchDrawerCard&spm=a2639h.29135425.offerlist.i10&source=action%23offerItem%3Borigin%23cf.shopee.co.th&amug_biz=oneself&amug_fl_src=awakeId_982,,2026/6/22,27931427802,,,11,Polo Shirts
（现货）Bemingtop909（S-XL）- Cody 半拉链 Polo 衫 - 针织 Polo 衫，半拉链领，紧密编织但柔软的面料。,黑色，M,32.21,https://cf.shopee.co.th/file/th-11134207-81ztg-mocl82xe45qj60,http://shopee.co.th/product/306079119/27931427802,Women Clothes,Tops,IVCN202606090816,79890825093,https://detail.1688.com/offer/913785733874.html?spm=a26352.b28411319.offerlist.16.2c961e62X0r4Jr,,2026/6/22,27931427802,,,11,Polo Shirts
（现货）Bemingtop909（S-XL）- Cody 半拉链 Polo 衫 - 针织 Polo 衫，半拉链领，紧密编织但柔软的面料。,黑色，S,30.41,https://cf.shopee.co.th/file/th-11134207-81ztg-mocl82xe45qj60,http://shopee.co.th/product/306079119/27931427802,Women Clothes,Tops,IVCN202606090816,79540464592,https://detail.1688.com/offer/825882199420.html?fromkv=cbuPcPlugin:imageSearchDrawerCard&spm=a2639h.29135425.offerlist.i10&source=action%23offerItem%3Borigin%23cf.shopee.co.th&amug_biz=oneself&amug_fl_src=awakeId_982,,2026/6/22,27931427802,,,11,Polo Shirts
（现货）Bemingtop909（S-XL）- Cody 半拉链 Polo 衫 - 针织 Polo 衫，半拉链领，紧密编织但柔软的面料。,黑色，XL,37.25,https://cf.shopee.co.th/file/th-11134207-81ztg-mocl82xe45qj60,http://shopee.co.th/product/306079119/27931427802,Women Clothes,Tops,IVCN202606090816,79540464605,https://detail.1688.com/offer/888892077122.html?fromkv=cbuPcPlugin:imageSearchDrawerCard&spm=a2639h.29135425.offerlist.i1&source=action%23offerItem%3Borigin%23shopee.co.th&amug_biz=oneself&amug_fl_src=awakeId_982,,2026/6/22,27931427802,,,11,Polo Shirts
Iris 上衣 690.- 一款美丽、甜美又不失性感的露背上衣，内衬优质。可搭配出多种造型。,Wink 乳霜，均码,28.24,https://cf.shopee.co.th/file/th-11134207-7ra0i-md47yn60eesec0,http://shopee.co.th/product/242719777/28189102648,Women Clothes,Tops,IVCN202606090845,2.49E+11,https://detail.1688.com/offer/860377106985.html?fromkv=cbuPcPlugin:imageSearchDrawerCard&spm=a2639h.29135425.offerlist.i1&source=action%23offerItem%3Borigin%23shopee.co.th&amug_biz=oneself&amug_fl_src=awakeId_982,,2026/6/22,28189102648,,,2,Others
Iris 上衣 690.- 一款美丽、甜美又不失性感的露背上衣，内衬优质。可搭配出多种造型。,眨眼米色，均码,31.4,https://cf.shopee.co.th/file/th-11134207-81ztk-mecuk9d218n743,http://shopee.co.th/product/242719777/28189102648,Women Clothes,Tops,IVCN202606090845,2.81E+11,https://detail.1688.com/offer/860377106985.html?fromkv=cbuPcPlugin:imageSearchDrawerCard&spm=a2639h.29135425.offerlist.i1&source=action%23offerItem%3Borigin%23shopee.co.th&amug_biz=oneself&amug_fl_src=awakeId_982,,2026/6/22,28189102648,,,2,Others
Andana Miều Est.2013 女士娃娃衫，采用结构化蕾丝面料制成。,S，白色,22.75,https://cf.shopee.vn/file/vn-11134207-7ra0g-m7aps3f6zrli58,http://shopee.vn/product/1511631/29228860131,Women Clothes,Tops,IVCN202606090848,3.21E+11,https://detail.1688.com/offer/963213957525.html?fromkv=cbuPcPlugin:imageSearchDrawerCard&spm=a2639h.29135425.offerlist.i17&source=action%23offerItem%3Borigin%23shopee.vn&amug_biz=oneself&amug_fl_src=awakeId_982,,2026/6/22,29228860131,,,3,Shirts & Blouses
Andana Miều Est.2013 女士娃娃衫，采用结构化蕾丝面料制成。,M，怀特,23.75,https://cf.shopee.vn/file/vn-11134207-7ra0g-m7aps3f6zrli58,http://shopee.vn/product/1511631/29228860131,Women Clothes,Tops,IVCN202606090848,3.21E+11,https://detail.1688.com/offer/963213957525.html?fromkv=cbuPcPlugin:imageSearchDrawerCard&spm=a2639h.29135425.offerlist.i17&source=action%23offerItem%3Borigin%23shopee.vn&amug_biz=oneself&amug_fl_src=awakeId_982,,2026/6/22,29228860131,,,3,Shirts & Blouses
Andana Miều Est.2013 女士娃娃衫，采用结构化蕾丝面料制成。,L，白色,22.97,https://cf.shopee.vn/file/vn-11134207-7ra0g-m7aps3f6zrli58,http://shopee.vn/product/1511631/29228860131,Women Clothes,Tops,IVCN202606090848,3.21E+11,https://detail.1688.com/offer/963213957525.html?fromkv=cbuPcPlugin:imageSearchDrawerCard&spm=a2639h.29135425.offerlist.i17&source=action%23offerItem%3Borigin%23shopee.vn&amug_biz=oneself&amug_fl_src=awakeId_982,,2026/6/22,29228860131,,,3,Shirts & Blouses
*现货* BY0234 露肩T恤，半透明面料，丝网印刷图案，柔软面料，Benly Co.,粉色的,20.59,https://down-th.img.susercontent.com/file/th-11134207-81ztg-mkkv3u9byolced.webp,http://shopee.co.th/product/478230591/40075878841,Women Clothes,Tops,IVCN202606090857,3.41E+11,https://detail.1688.com/offer/926543277229.html?kj_agent_plugin=aliprice&fromkv=xytTrace:0,,2026/6/22,40075878841,,,4,T-shirts
*现货* BY0234 露肩T恤，半透明面料，丝网印刷图案，柔软面料，Benly Co.,白色的,21.39,https://down-th.img.susercontent.com/file/th-11134207-81ztg-mkkv3u9byolced.webp,http://shopee.co.th/product/478230591/40075878841,Women Clothes,Tops,IVCN202606090857,4.45E+11,https://detail.1688.com/offer/926543277229.html?kj_agent_plugin=aliprice&fromkv=xytTrace:0,,2026/6/22,40075878841,,,4,T-shirts
*现货* BY0234 露肩T恤，半透明面料，丝网印刷图案，柔软面料，Benly Co.,黄色的,20.56,https://down-th.img.susercontent.com/file/th-11134207-81ztg-mkkv3u9byolced.webp,http://shopee.co.th/product/478230591/40075878841,Women Clothes,Tops,IVCN202606090857,4.45E+11,https://detail.1688.com/offer/926543277229.html?kj_agent_plugin=aliprice&fromkv=xytTrace:0,,2026/6/22,40075878841,,,4,T-shirts
*现货* BY0234 露肩T恤，半透明面料，丝网印刷图案，柔软面料，Benly Co.,灰糖,20.56,https://down-th.img.susercontent.com/file/th-11134207-81ztg-mkkv3u9byolced.webp,http://shopee.co.th/product/478230591/40075878841,Women Clothes,Tops,IVCN202606090857,4.45E+11,https://detail.1688.com/offer/926543277229.html?kj_agent_plugin=aliprice&fromkv=xytTrace:0,,2026/6/22,40075878841,,,4,T-shirts
Darling 连体衣 790.- 一款美丽贴身的透明蕾丝连体衣，采用柔软的高级蕾丝面料制成。,白色，S码（胸围29-32）,39.56,https://cf.shopee.co.th/file/th-11134207-81ztd-mld3fxkowpad57,http://shopee.co.th/product/242719777/40372240086,Women Clothes,Tops,IVCN202606090861,4.11E+11,https://detail.1688.com/offer/1015045364532.html?spm=a26352.b28411319/2508.0.0,,2026/6/22,40372240086,,,4,Bodysuits
Darling 连体衣 790.- 一款美丽贴身的透明蕾丝连体衣，采用柔软的高级蕾丝面料制成。,白色，M码（胸围33-36英寸）,41.7,https://cf.shopee.co.th/file/th-11134207-81ztd-mld3fxkowpad57,http://shopee.co.th/product/242719777/40372240086,Women Clothes,Tops,IVCN202606090861,4.11E+11,https://detail.1688.com/offer/1015045364532.html?spm=a26352.b28411319/2508.0.0,,2026/6/22,40372240086,,,4,Bodysuits
Darling 连体衣 790.- 一款美丽贴身的透明蕾丝连体衣，采用柔软的高级蕾丝面料制成。,黑色，S码（胸围29-32英寸）,39.27,https://cf.shopee.co.th/file/th-11134207-81ztm-mld3fv7xxtdv87,http://shopee.co.th/product/242719777/40372240086,Women Clothes,Tops,IVCN202606090861,4.11E+11,https://detail.1688.com/offer/1015045364532.html?spm=a26352.b28411319/2508.0.0,,2026/6/22,40372240086,,,4,Bodysuits
Darling 连体衣 790.- 一款美丽贴身的透明蕾丝连体衣，采用柔软的高级蕾丝面料制成。,黑色，M码（胸围33-36英寸）,39.55,https://cf.shopee.co.th/file/th-11134207-81ztm-mld3fv7xxtdv87,http://shopee.co.th/product/242719777/40372240086,Women Clothes,Tops,IVCN202606090861,4.11E+11,https://detail.1688.com/offer/1015045364532.html?spm=a26352.b28411319/2508.0.0,,2026/6/22,40372240086,,,4,Bodysuits
JARINYA（S-XL）露肩T恤，双肩饰有JY金属装饰。,白色（短袖），L,18.32,https://cf.shopee.co.th/file/th-11134207-81ztg-mjjor9n4lq850f,http://shopee.co.th/product/60321563/40774038476,Women Clothes,Tops,IVCN202606090891,3.40E+11,https://detail.1688.com/offer/1034402498662.html?fromkv=cbuPcPlugin:imageSearchDrawerCard&spm=a2639h.29135425.offerlist.i20&source=action%23offerItem%3Borigin%23shopee.co.th&amug_biz=oneself&amug_fl_src=awakeId_982,,2026/6/22,40774038476,,,20,Others
JARINYA（S-XL）露肩T恤，双肩饰有JY金属装饰。,白色（短袖），M,18.35,https://cf.shopee.co.th/file/th-11134207-81ztg-mjjor9n4lq850f,http://shopee.co.th/product/60321563/40774038476,Women Clothes,Tops,IVCN202606090891,3.40E+11,https://detail.1688.com/offer/1034402498662.html?fromkv=cbuPcPlugin:imageSearchDrawerCard&spm=a2639h.29135425.offerlist.i20&source=action%23offerItem%3Borigin%23shopee.co.th&amug_biz=oneself&amug_fl_src=awakeId_982,,2026/6/22,40774038476,,,20,Others
JARINYA（S-XL）露肩T恤，双肩饰有JY金属装饰。,白色（短袖），S,17.85,https://cf.shopee.co.th/file/th-11134207-81ztg-mjjor9n4lq850f,http://shopee.co.th/product/60321563/40774038476,Women Clothes,Tops,IVCN202606090891,3.70E+11,https://detail.1688.com/offer/1034402498662.html?fromkv=cbuPcPlugin:imageSearchDrawerCard&spm=a2639h.29135425.offerlist.i20&source=action%23offerItem%3Borigin%23shopee.co.th&amug_biz=oneself&amug_fl_src=awakeId_982,,2026/6/22,40774038476,,,20,Others
JARINYA（S-XL）露肩T恤，双肩饰有JY金属装饰。,白色（短袖），XL,18.28,https://cf.shopee.co.th/file/th-11134207-81ztg-mjjor9n4lq850f,http://shopee.co.th/product/60321563/40774038476,Women Clothes,Tops,IVCN202606090891,3.40E+11,https://detail.1688.com/offer/1000306912344.html?fromkv=cbuPcPlugin:imageSearchDrawerCard&spm=a2639h.29135425.offerlist.i3&source=action%23offerItem%3Borigin%23cf.shopee.co.th&amug_biz=oneself&amug_fl_src=awakeId_982,,2026/6/22,40774038476,,,20,Others
JARINYA（S-XL）露肩T恤，双肩饰有JY金属装饰。,怀特，L,15.57,https://cf.shopee.co.th/file/th-11134207-81ztk-mg4l7cv0vswe29,http://shopee.co.th/product/60321563/40774038476,Women Clothes,Tops,IVCN202606090891,2.87E+11,https://detail.1688.com/offer/1000306912344.html?fromkv=cbuPcPlugin:imageSearchDrawerCard&spm=a2639h.29135425.offerlist.i3&source=action%23offerItem%3Borigin%23cf.shopee.co.th&amug_biz=oneself&amug_fl_src=awakeId_982,,2026/6/22,40774038476,,,20,Others
JARINYA（S-XL）露肩T恤，双肩饰有JY金属装饰。,怀特，M,20.57,https://cf.shopee.co.th/file/th-11134207-81ztk-mg4l7cv0vswe29,http://shopee.co.th/product/60321563/40774038476,Women Clothes,Tops,IVCN202606090891,2.87E+11,https://detail.1688.com/offer/1000306912344.html?fromkv=cbuPcPlugin:imageSearchDrawerCard&spm=a2639h.29135425.offerlist.i3&source=action%23offerItem%3Borigin%23cf.shopee.co.th&amug_biz=oneself&amug_fl_src=awakeId_982,,2026/6/22,40774038476,,,20,Others
JARINYA（S-XL）露肩T恤，双肩饰有JY金属装饰。,怀特，S,23.15,https://cf.shopee.co.th/file/th-11134207-81ztk-mg4l7cv0vswe29,http://shopee.co.th/product/60321563/40774038476,Women Clothes,Tops,IVCN202606090891,2.87E+11,https://detail.1688.com/offer/1000306912344.html?fromkv=cbuPcPlugin:imageSearchDrawerCard&spm=a2639h.29135425.offerlist.i3&source=action%23offerItem%3Borigin%23cf.shopee.co.th&amug_biz=oneself&amug_fl_src=awakeId_982,,2026/6/22,40774038476,,,20,Others
JARINYA（S-XL）露肩T恤，双肩饰有JY金属装饰。,白色，加大码,19.97,https://cf.shopee.co.th/file/th-11134207-81ztk-mg4l7cv0vswe29,http://shopee.co.th/product/60321563/40774038476,Women Clothes,Tops,IVCN202606090891,3.70E+11,https://detail.1688.com/offer/920801078911.html?spm=a26352.b28411319/2508.0.0,,2026/6/22,40774038476,,,20,Others
JARINYA（S-XL）露肩T恤，双肩饰有JY金属装饰。,裸粉色（短袖），L,23.68,https://cf.shopee.co.th/file/th-11134207-81zti-mjjoqvglh1qae4,http://shopee.co.th/product/60321563/40774038476,Women Clothes,Tops,IVCN202606090891,3.70E+11,https://detail.1688.com/offer/1000306912344.html?fromkv=cbuPcPlugin:imageSearchDrawerCard&spm=a2639h.29135425.offerlist.i3&source=action%23offerItem%3Borigin%23cf.shopee.co.th&amug_biz=oneself&amug_fl_src=awakeId_982,,2026/6/22,40774038476,,,20,Others
JARINYA（S-XL）露肩T恤，双肩饰有JY金属装饰。,裸粉色（短袖），M,17.66,https://cf.shopee.co.th/file/th-11134207-81zti-mjjoqvglh1qae4,http://shopee.co.th/product/60321563/40774038476,Women Clothes,Tops,IVCN202606090891,3.70E+11,https://detail.1688.com/offer/1034402498662.html?fromkv=cbuPcPlugin:imageSearchDrawerCard&spm=a2639h.29135425.offerlist.i20&source=action%23offerItem%3Borigin%23shopee.co.th&amug_biz=oneself&amug_fl_src=awakeId_982,,2026/6/22,40774038476,,,20,Others
JARINYA（S-XL）露肩T恤，双肩饰有JY金属装饰。,裸粉色（短袖），S,17.42,https://cf.shopee.co.th/file/th-11134207-81zti-mjjoqvglh1qae4,http://shopee.co.th/product/60321563/40774038476,Women Clothes,Tops,IVCN202606090891,3.70E+11,https://detail.1688.com/offer/1034402498662.html?fromkv=cbuPcPlugin:imageSearchDrawerCard&spm=a2639h.29135425.offerlist.i20&source=action%23offerItem%3Borigin%23shopee.co.th&amug_biz=oneself&amug_fl_src=awakeId_982,,2026/6/22,40774038476,,,20,Others
JARINYA（S-XL）露肩T恤，双肩饰有JY金属装饰。,裸粉色，L,17.01,https://cf.shopee.co.th/file/th-11134207-81ztf-mg4la7sqjci224,http://shopee.co.th/product/60321563/40774038476,Women Clothes,Tops,IVCN202606090891,2.87E+11,https://detail.1688.com/offer/1000306912344.html?fromkv=cbuPcPlugin:imageSearchDrawerCard&spm=a2639h.29135425.offerlist.i3&source=action%23offerItem%3Borigin%23cf.shopee.co.th&amug_biz=oneself&amug_fl_src=awakeId_982,,2026/6/22,40774038476,,,20,Others
JARINYA（S-XL）露肩T恤，双肩饰有JY金属装饰。,裸粉色，M,19.32,https://cf.shopee.co.th/file/th-11134207-81ztf-mg4la7sqjci224,http://shopee.co.th/product/60321563/40774038476,Women Clothes,Tops,IVCN202606090891,2.87E+11,https://detail.1688.com/offer/1000306912344.html?fromkv=cbuPcPlugin:imageSearchDrawerCard&spm=a2639h.29135425.offerlist.i3&source=action%23offerItem%3Borigin%23cf.shopee.co.th&amug_biz=oneself&amug_fl_src=awakeId_982,,2026/6/22,40774038476,,,20,Others
JARINYA（S-XL）露肩T恤，双肩饰有JY金属装饰。,裸粉色，S,23.81,https://cf.shopee.co.th/file/th-11134207-81ztf-mg4la7sqjci224,http://shopee.co.th/product/60321563/40774038476,Women Clothes,Tops,IVCN202606090891,2.87E+11,https://detail.1688.com/offer/1000306912344.html?fromkv=cbuPcPlugin:imageSearchDrawerCard&spm=a2639h.29135425.offerlist.i3&source=action%23offerItem%3Borigin%23cf.shopee.co.th&amug_biz=oneself&amug_fl_src=awakeId_982,,2026/6/22,40774038476,,,20,Others
JARINYA（S-XL）露肩T恤，双肩饰有JY金属装饰。,黑色（短袖），L,18.17,https://cf.shopee.co.th/file/th-11134207-81ztn-mjjoqb0j42dca7,http://shopee.co.th/product/60321563/40774038476,Women Clothes,Tops,IVCN202606090891,3.70E+11,https://detail.1688.com/offer/1034402498662.html?fromkv=cbuPcPlugin:imageSearchDrawerCard&spm=a2639h.29135425.offerlist.i20&source=action%23offerItem%3Borigin%23shopee.co.th&amug_biz=oneself&amug_fl_src=awakeId_982,,2026/6/22,40774038476,,,20,Others
JARINYA（S-XL）露肩T恤，双肩饰有JY金属装饰。,黑色（短袖），M,18.36,https://cf.shopee.co.th/file/th-11134207-81ztn-mjjoqb0j42dca7,http://shopee.co.th/product/60321563/40774038476,Women Clothes,Tops,IVCN202606090891,3.70E+11,https://detail.1688.com/offer/1034402498662.html?fromkv=cbuPcPlugin:imageSearchDrawerCard&spm=a2639h.29135425.offerlist.i20&source=action%23offerItem%3Borigin%23shopee.co.th&amug_biz=oneself&amug_fl_src=awakeId_982,,2026/6/22,40774038476,,,20,Others
JARINYA（S-XL）露肩T恤，双肩饰有JY金属装饰。,黑色（短袖），S,18.17,https://cf.shopee.co.th/file/th-11134207-81ztn-mjjoqb0j42dca7,http://shopee.co.th/product/60321563/40774038476,Women Clothes,Tops,IVCN202606090891,3.70E+11,https://detail.1688.com/offer/1034402498662.html?fromkv=cbuPcPlugin:imageSearchDrawerCard&spm=a2639h.29135425.offerlist.i20&source=action%23offerItem%3Borigin%23shopee.co.th&amug_biz=oneself&amug_fl_src=awakeId_982,,2026/6/22,40774038476,,,20,Others
JARINYA（S-XL）露肩T恤，双肩饰有JY金属装饰。,黑色，L,19.31,https://cf.shopee.co.th/file/th-11134207-81ztc-mg4l6ujvfe3008,http://shopee.co.th/product/60321563/40774038476,Women Clothes,Tops,IVCN202606090891,2.87E+11,https://detail.1688.com/offer/1000306912344.html?fromkv=cbuPcPlugin:imageSearchDrawerCard&spm=a2639h.29135425.offerlist.i3&source=action%23offerItem%3Borigin%23cf.shopee.co.th&amug_biz=oneself&amug_fl_src=awakeId_982,,2026/6/22,40774038476,,,20,Others
JARINYA（S-XL）露肩T恤，双肩饰有JY金属装饰。,黑色，M,25.08,https://cf.shopee.co.th/file/th-11134207-81ztc-mg4l6ujvfe3008,http://shopee.co.th/product/60321563/40774038476,Women Clothes,Tops,IVCN202606090891,2.87E+11,https://detail.1688.com/offer/1000306912344.html?fromkv=cbuPcPlugin:imageSearchDrawerCard&spm=a2639h.29135425.offerlist.i3&source=action%23offerItem%3Borigin%23cf.shopee.co.th&amug_biz=oneself&amug_fl_src=awakeId_982,,2026/6/22,40774038476,,,20,Others
JARINYA（S-XL）露肩T恤，双肩饰有JY金属装饰。,黑色，S,16.93,https://cf.shopee.co.th/file/th-11134207-81ztc-mg4l6ujvfe3008,http://shopee.co.th/product/60321563/40774038476,Women Clothes,Tops,IVCN202606090891,2.87E+11,https://detail.1688.com/offer/1034402498662.html?fromkv=cbuPcPlugin:imageSearchDrawerCard&spm=a2639h.29135425.offerlist.i20&source=action%23offerItem%3Borigin%23shopee.co.th&amug_biz=oneself&amug_fl_src=awakeId_982,,2026/6/22,40774038476,,,20,Others
Levenn.bkk • Jisoo 上衣：无袖印花上衣，优雅可爱，穿着舒适。女装。,白色（芭比娃娃面料）,19.88,https://cf.shopee.co.th/file/th-11134207-81ztq-mnau67jpxy4ka6,http://shopee.co.th/product/4105663/44909047313,Women Clothes,Tops,IVCN202606090990,2.78E+11,https://detail.1688.com/offer/964868606601.html?kj_agent_plugin=aliprice&fromkv=xytTrace:2146938717796781101376270e0c64&token=An6gAGY%2Fq0dsolEt2kTOGeGP0dxdIXXuKq%2FJChxRSdidCkKYxFyO4ofubGAmreUG,,2026/6/22,44909047313,,,5,Tanks & Camisoles
Levenn.bkk • Jisoo 上衣：无袖印花上衣，优雅可爱，穿着舒适。女装。,奶油色（芭比布料）,19.79,https://cf.shopee.co.th/file/th-11134207-81ztn-mnau6bns3gua21,http://shopee.co.th/product/4105663/44909047313,Women Clothes,Tops,IVCN202606090990,2.78E+11,https://detail.1688.com/offer/964868606601.html?kj_agent_plugin=aliprice&fromkv=xytTrace:2146938717796781101376270e0c64&token=An6gAGY%2Fq0dsolEt2kTOGeGP0dxdIXXuKq%2FJChxRSdidCkKYxFyO4ofubGAmreUG,,2026/6/22,44909047313,,,5,Tanks & Camisoles
Levenn.bkk • Jisoo 上衣：无袖印花上衣，优雅可爱，穿着舒适。女装。,白色芭比：吊带上衣,19.77,https://cf.shopee.co.th/file/th-11134207-81ztd-mngk48e4e2h407,http://shopee.co.th/product/4105663/44909047313,Women Clothes,Tops,IVCN202606090990,3.11E+11,https://detail.1688.com/offer/964595229038.html?kj_agent_plugin=aliprice&fromkv=xytTrace:2146938717796782011427755e0e53&token=yYOpVAnsI2GA1WyZINz%2FHGAyJ%2FSQalM9JGfN8EGTLJ%2FzazQwJ8iZYTkYSA2dyD8y,,2026/6/22,44909047313,,,5,Tanks & Camisoles
Levenn.bkk • Jisoo 上衣：无袖印花上衣，优雅可爱，穿着舒适。女装。,芭比奶油色：吊带上衣,19.73,https://cf.shopee.co.th/file/th-11134207-81ztf-mngk5el7e48w71,http://shopee.co.th/product/4105663/44909047313,Women Clothes,Tops,IVCN202606090990,3.11E+11,https://detail.1688.com/offer/964595229038.html?kj_agent_plugin=aliprice&fromkv=xytTrace:2146938717796782011427755e0e53&token=yYOpVAnsI2GA1WyZINz%2FHGAyJ%2FSQalM9JGfN8EGTLJ%2FzazQwJ8iZYTkYSA2dyD8y,,2026/6/22,44909047313,,,5,Tanks & Camisoles
Levenn.bkk • Jisoo 上衣：无袖印花上衣，优雅可爱，穿着舒适。女装。,牛仔裤,19.77,https://cf.shopee.co.th/file/th-11134207-81zti-mn5u2y1hgykh0a,http://shopee.co.th/product/4105663/44909047313,Women Clothes,Tops,IVCN202606090990,4.31E+11,https://detail.1688.com/offer/1035084856130.html?kj_agent_plugin=aliprice&fromkv=xytTrace:2108837b17796782786238196e0e60&token=grOhLtXHXaTjpbWPZDg4dZwqNI2w6IUlykfOwQu8%2F4zpbBdBo70wbATDBuaCv8mq,,2026/6/22,44909047313,,,5,Tanks & Camisoles
蓝色波点上衣，胸下有饰边，后背有拉链。,S,23.3,https://cf.shopee.vn/file/vn-11134207-81ztc-mn0xyvocszr805,http://shopee.vn/product/69271882/46908800571,Women Clothes,Tops,IVCN202606090997,2.38E+11,https://detail.1688.com/offer/1041115274040.html?kj_agent_plugin=aliprice&fromkv=xytTrace:212b9de517796797718165078e1010&token=i7%2BIGB6R4UZ9emzw5GiqDCf0niVNnQS1PscNRtI9Yy8S8jd1GhqRM884mhEIspx0,,2026/6/22,46908800571,,,3,Others
蓝色波点上衣，胸下有饰边，后背有拉链。,M,23.27,https://cf.shopee.vn/file/vn-11134207-81ztc-mn0xyvocszr805,http://shopee.vn/product/69271882/46908800571,Women Clothes,Tops,IVCN202606090997,2.38E+11,https://detail.1688.com/offer/1041115274040.html?kj_agent_plugin=aliprice&fromkv=xytTrace:212b9de517796797718165078e1010&token=i7%2BIGB6R4UZ9emzw5GiqDCf0niVNnQS1PscNRtI9Yy8S8jd1GhqRM884mhEIspx0,,2026/6/22,46908800571,,,3,Others
蓝色波点上衣，胸下有饰边，后背有拉链。,L,23.11,https://cf.shopee.vn/file/vn-11134207-81ztc-mn0xyvocszr805,http://shopee.vn/product/69271882/46908800571,Women Clothes,Tops,IVCN202606090997,2.38E+11,https://detail.1688.com/offer/1041115274040.html?kj_agent_plugin=aliprice&fromkv=xytTrace:212b9de517796797718165078e1010&token=i7%2BIGB6R4UZ9emzw5GiqDCf0niVNnQS1PscNRtI9Yy8S8jd1GhqRM884mhEIspx0,,2026/6/22,46908800571,,,3,Others
Valérie 露肩白色蕾丝紧身胸衣连衣裙，采用露肩设计，裙摆饰有可爱的荷叶边细节。,怀特，L,32.31,https://cf.shopee.co.th/file/th-11134207-81ztp-mmabbao9khs0a6,http://shopee.co.th/product/925479294/51056585079,Women Clothes,Tops,IVCN202606091016,2.72E+11,https://detail.1688.com/offer/877212755405.html?spm=a26352.b28411319/2508.0.0,,2026/6/22,51056585079,,,4,Tanks & Camisoles
Valérie 露肩白色蕾丝紧身胸衣连衣裙，采用露肩设计，裙摆饰有可爱的荷叶边细节。,怀特，M,32.39,https://cf.shopee.co.th/file/th-11134207-81ztp-mmabbao9khs0a6,http://shopee.co.th/product/925479294/51056585079,Women Clothes,Tops,IVCN202606091016,2.72E+11,https://detail.1688.com/offer/877212755405.html?spm=a26352.b28411319/2508.0.0,,2026/6/22,51056585079,,,4,Tanks & Camisoles
Valérie 露肩白色蕾丝紧身胸衣连衣裙，采用露肩设计，裙摆饰有可爱的荷叶边细节。,白色，加大码,32.29,https://cf.shopee.co.th/file/th-11134207-81ztp-mmabbao9khs0a6,http://shopee.co.th/product/925479294/51056585079,Women Clothes,Tops,IVCN202606091016,2.72E+11,https://detail.1688.com/offer/877212755405.html?spm=a26352.b28411319/2508.0.0,,2026/6/22,51056585079,,,4,Tanks & Camisoles
Valérie 露肩白色蕾丝紧身胸衣连衣裙，采用露肩设计，裙摆饰有可爱的荷叶边细节。,怀特，S,32.32,https://cf.shopee.co.th/file/th-11134207-81ztp-mmabbao9khs0a6,http://shopee.co.th/product/925479294/51056585079,Women Clothes,Tops,IVCN202606091016,2.72E+11,https://detail.1688.com/offer/877212755405.html?spm=a26352.b28411319/2508.0.0,,2026/6/22,51056585079,,,4,Tanks & Camisoles
AB HOUSE - 男女皆宜的宽松方正T恤，夏季时尚,柠檬，1号,18.67,https://cf.shopee.vn/file/vn-11134207-81ztc-mlswybwwplaa4a,http://shopee.vn/product/81184070/53507052598,Women Clothes,Tops,IVCN202606091027,3.61E+11,https://detail.1688.com/offer/1037788360395.html?fromkv=cbuPcPlugin:imageSearchDrawerCard&spm=a2639h.29135425.offerlist.i8&source=action%23offerItem%3Borigin%23cf.shopee.vn&amug_biz=oneself&amug_fl_src=awakeId_982,,2026/6/22,53507052598,,,7,T-shirts
AB HOUSE - 男女皆宜的宽松方正T恤，夏季时尚,柠檬，2号,18.86,https://cf.shopee.vn/file/vn-11134207-81ztc-mlswybwwplaa4a,http://shopee.vn/product/81184070/53507052598,Women Clothes,Tops,IVCN202606091027,3.61E+11,https://detail.1688.com/offer/1037788360395.html?fromkv=cbuPcPlugin:imageSearchDrawerCard&spm=a2639h.29135425.offerlist.i8&source=action%23offerItem%3Borigin%23cf.shopee.vn&amug_biz=oneself&amug_fl_src=awakeId_982,,2026/6/22,53507052598,,,7,T-shirts
AB HOUSE - 男女皆宜的宽松方正T恤，夏季时尚,樱桃，1号,18.91,https://cf.shopee.vn/file/vn-11134207-81ztc-mlomw9g22r5s80,http://shopee.vn/product/81184070/53507052598,Women Clothes,Tops,IVCN202606091027,4.01E+11,https://detail.1688.com/offer/1037788360395.html?fromkv=cbuPcPlugin:imageSearchDrawerCard&spm=a2639h.29135425.offerlist.i8&source=action%23offerItem%3Borigin%23cf.shopee.vn&amug_biz=oneself&amug_fl_src=awakeId_982,,2026/6/22,53507052598,,,7,T-shirts
AB HOUSE - 男女皆宜的宽松方正T恤，夏季时尚,樱桃，2号,18.92,https://cf.shopee.vn/file/vn-11134207-81ztc-mlomw9g22r5s80,http://shopee.vn/product/81184070/53507052598,Women Clothes,Tops,IVCN202606091027,4.01E+11,https://detail.1688.com/offer/1037788360395.html?fromkv=cbuPcPlugin:imageSearchDrawerCard&spm=a2639h.29135425.offerlist.i8&source=action%23offerItem%3Borigin%23cf.shopee.vn&amug_biz=oneself&amug_fl_src=awakeId_982,,2026/6/22,53507052598,,,7,T-shirts
AB HOUSE - 男女皆宜的宽松方正T恤，夏季时尚,面包，1号,18.81,https://cf.shopee.vn/file/vn-11134207-81ztc-mlomw9g21clcfd,http://shopee.vn/product/81184070/53507052598,Women Clothes,Tops,IVCN202606091027,4.01E+11,https://detail.1688.com/offer/1037788360395.html?fromkv=cbuPcPlugin:imageSearchDrawerCard&spm=a2639h.29135425.offerlist.i8&source=action%23offerItem%3Borigin%23cf.shopee.vn&amug_biz=oneself&amug_fl_src=awakeId_982,,2026/6/22,53507052598,,,7,T-shirts
AB HOUSE - 男女皆宜的宽松方正T恤，夏季时尚,面包，2号,18.96,https://cf.shopee.vn/file/vn-11134207-81ztc-mlomw9g21clcfd,http://shopee.vn/product/81184070/53507052598,Women Clothes,Tops,IVCN202606091027,4.01E+11,https://detail.1688.com/offer/1037788360395.html?fromkv=cbuPcPlugin:imageSearchDrawerCard&spm=a2639h.29135425.offerlist.i8&source=action%23offerItem%3Borigin%23cf.shopee.vn&amug_biz=oneself&amug_fl_src=awakeId_982,,2026/6/22,53507052598,,,7,T-shirts
AB HOUSE - 男女皆宜的宽松方正T恤，夏季时尚,牛角面包，2号,18.9,https://cf.shopee.vn/file/vn-11134207-81ztc-mlomw9gb7g1v99,http://shopee.vn/product/81184070/53507052598,Women Clothes,Tops,IVCN202606091027,4.01E+11,https://detail.1688.com/offer/1037788360395.html?fromkv=cbuPcPlugin:imageSearchDrawerCard&spm=a2639h.29135425.offerlist.i8&source=action%23offerItem%3Borigin%23cf.shopee.vn&amug_biz=oneself&amug_fl_src=awakeId_982,,2026/6/22,53507052598,,,7,T-shirts
RUDY – 爱心蕾丝连体衣💌（现货）带衬里的蕾丝连体衣，全身饰有水钻，颜色美丽柔和，肩带可调节。,粉色的,46.69,https://cf.shopee.co.th/file/th-11134207-81ztd-mlnhn0lipzwg78,http://shopee.co.th/product/72555058/54306034891,Women Clothes,Tops,IVCN202606091046,3.66E+11,https://detail.1688.com/offer/947378472074.html?spm=a26352.b28411319/2508.0.0,,2026/6/22,54306034891,,,2,Bodysuits
RUDY – 爱心蕾丝连体衣💌（现货）带衬里的蕾丝连体衣，全身饰有水钻，颜色美丽柔和，肩带可调节。,白色紧身衣,47.45,https://cf.shopee.co.th/file/th-11134207-81zto-mlnhncbjltkw0e,http://shopee.co.th/product/72555058/54306034891,Women Clothes,Tops,IVCN202606091046,3.71E+11,https://detail.1688.com/offer/947378472074.html?spm=a26352.b28411319/2508.0.0,,2026/6/22,54306034891,,,2,Bodysuits
（连体衣）超贴身、深V领连体衣，简约日常款 | BAHYCHIC,黑色西装，尺码：S,23.2,https://cf.shopee.vn/file/vn-11134207-820l4-mi2agmqvvlz711,http://shopee.vn/product/254060349/54502840191,Women Clothes,Tops,IVCN202606091050,1.86E+11,https://detail.1688.com/offer/845022456598.html?spm=a26352.b28411319/2508.0.0&cosite=-&tracelog=p4p&_p_isad=1&clickid=7405ab9f317e49a0b05a51ac162f4b4f&sessionid=589a6c2a02bb766b4740e887f5cbb349,,2026/6/22,54502840191,,,8,Bodysuits
（连体衣）超贴身、深V领连体衣，简约日常款 | BAHYCHIC,黑色西装，尺码：M,23.53,https://cf.shopee.vn/file/vn-11134207-820l4-mi2agmqvvlz711,http://shopee.vn/product/254060349/54502840191,Women Clothes,Tops,IVCN202606091050,1.99E+11,https://detail.1688.com/offer/845022456598.html?spm=a26352.b28411319/2508.0.0&cosite=-&tracelog=p4p&_p_isad=1&clickid=7405ab9f317e49a0b05a51ac162f4b4f&sessionid=589a6c2a02bb766b4740e887f5cbb349,,2026/6/22,54502840191,,,8,Bodysuits
（连体衣）超贴身、深V领连体衣，简约日常款 | BAHYCHIC,黑色西装，尺码：L,23.12,https://cf.shopee.vn/file/vn-11134207-820l4-mi2agmqvvlz711,http://shopee.vn/product/254060349/54502840191,Women Clothes,Tops,IVCN202606091050,1.99E+11,https://detail.1688.com/offer/845022456598.html?spm=a26352.b28411319/2508.0.0&cosite=-&tracelog=p4p&_p_isad=1&clickid=7405ab9f317e49a0b05a51ac162f4b4f&sessionid=589a6c2a02bb766b4740e887f5cbb349,,2026/6/22,54502840191,,,8,Bodysuits
（连体衣）超贴身、深V领连体衣，简约日常款 | BAHYCHIC,黑色西装，尺码：XL,23.27,https://cf.shopee.vn/file/vn-11134207-820l4-mi2agmqvvlz711,http://shopee.vn/product/254060349/54502840191,Women Clothes,Tops,IVCN202606091050,1.99E+11,https://detail.1688.com/offer/845022456598.html?spm=a26352.b28411319/2508.0.0&cosite=-&tracelog=p4p&_p_isad=1&clickid=7405ab9f317e49a0b05a51ac162f4b4f&sessionid=589a6c2a02bb766b4740e887f5cbb349,,2026/6/22,54502840191,,,8,Bodysuits
（连体衣）超贴身、深V领连体衣，简约日常款 | BAHYCHIC,亮红色，尺码：S,20.93,https://cf.shopee.vn/file/vn-11134207-81ztc-mmoj1a2vr7ye15,http://shopee.vn/product/254060349/54502840191,Women Clothes,Tops,IVCN202606091050,3.76E+11,,,2026/6/22,54502840191,,,8,Bodysuits
（连体衣）超贴身、深V领连体衣，简约日常款 | BAHYCHIC,白色（有货），尺码：S,23.49,https://cf.shopee.vn/file/vn-11134207-81ztc-mmwzvkkltgxx89,http://shopee.vn/product/254060349/54502840191,Women Clothes,Tops,IVCN202606091050,4.11E+11,,,2026/6/22,54502840191,,,8,Bodysuits
（连体衣）超贴身、深V领连体衣，简约日常款 | BAHYCHIC,白色（有货），尺码：M,23.03,https://cf.shopee.vn/file/vn-11134207-81ztc-mmwzvkkltgxx89,http://shopee.vn/product/254060349/54502840191,Women Clothes,Tops,IVCN202606091050,4.11E+11,,,2026/6/22,54502840191,,,8,Bodysuits
（连体衣）超贴身、深V领连体衣，简约日常款 | BAHYCHIC,亮红色，尺码：M,23.5,https://cf.shopee.vn/file/vn-11134207-81ztc-mmoj1a2vr7ye15,http://shopee.vn/product/254060349/54502840191,Women Clothes,Tops,IVCN202606091050,3.76E+11,,,2026/6/22,54502840191,,,8,Bodysuits
Duex Studio Tonic 上衣（XS-2XL）粉色（S、M、M）预购，需2-3天。蕾丝束身胸衣，无钢圈，腰部侧边镂空设计。舒适又时尚。,粉色，SM,47.39,https://cf.shopee.co.th/file/th-11134207-81zth-mmhddhwtff9r14,http://shopee.co.th/product/61880139/55457994838,Women Clothes,Tops,IVCN202606091062,3.16E+11,https://detail.1688.com/offer/861974078516.html?fromkv=cbuPcPlugin:imageSearchDrawerCard&spm=a2639h.29135425.offerlist.i18&source=action%23offerItem%3Borigin%23cf.shopee.co.th&amug_biz=oneself&amug_fl_src=awakeId_982,,2026/6/22,55457994838,,,5,Tanks & Camisoles
Duex Studio Tonic 上衣（XS-2XL）粉色（S、M、M）预购，需2-3天。蕾丝束身胸衣，无钢圈，腰部侧边镂空设计。舒适又时尚。,黑色，SM,47.29,https://cf.shopee.co.th/file/th-11134207-81zto-mmhdejoje2o182,http://shopee.co.th/product/61880139/55457994838,Women Clothes,Tops,IVCN202606091062,3.16E+11,https://detail.1688.com/offer/861974078516.html?fromkv=cbuPcPlugin:imageSearchDrawerCard&spm=a2639h.29135425.offerlist.i18&source=action%23offerItem%3Borigin%23cf.shopee.co.th&amug_biz=oneself&amug_fl_src=awakeId_982,,2026/6/22,55457994838,,,5,Tanks & Camisoles
Duex Studio Tonic 上衣（XS-2XL）粉色（S、M、M）预购，需2-3天。蕾丝束身胸衣，无钢圈，腰部侧边镂空设计。舒适又时尚。,粉色，XS,47.45,https://cf.shopee.co.th/file/th-11134207-81zth-mmhddhwtff9r14,http://shopee.co.th/product/61880139/55457994838,Women Clothes,Tops,IVCN202606091062,3.16E+11,https://detail.1688.com/offer/861974078516.html?fromkv=cbuPcPlugin:imageSearchDrawerCard&spm=a2639h.29135425.offerlist.i18&source=action%23offerItem%3Borigin%23cf.shopee.co.th&amug_biz=oneself&amug_fl_src=awakeId_982,,2026/6/22,55457994838,,,5,Tanks & Camisoles
Duex Studio Tonic 上衣（XS-2XL）粉色（S、M、M）预购，需2-3天。蕾丝束身胸衣，无钢圈，腰部侧边镂空设计。舒适又时尚。,粉色，XL,47.47,https://cf.shopee.co.th/file/th-11134207-81zth-mmhddhwtff9r14,http://shopee.co.th/product/61880139/55457994838,Women Clothes,Tops,IVCN202606091062,3.16E+11,,,2026/6/22,55457994838,,,5,Tanks & Camisoles
Duex Studio Tonic 上衣（XS-2XL）粉色（S、M、M）预购，需2-3天。蕾丝束身胸衣，无钢圈，腰部侧边镂空设计。舒适又时尚。,黑色，XS,47.18,https://cf.shopee.co.th/file/th-11134207-81zto-mmhdejoje2o182,http://shopee.co.th/product/61880139/55457994838,Women Clothes,Tops,IVCN202606091062,3.16E+11,,,2026/6/22,55457994838,,,5,Tanks & Camisoles
女士基础款短袖泡泡袖上衣 - Ivy Top - APRILLE,S,27.71,https://cf.shopee.vn/file/vn-11134207-81ztc-mnl3kgjhwhz5c9,http://shopee.vn/product/484412446/58159241684,Women Clothes,Tops,IVCN202606091074,3.76E+11,https://detail.1688.com/offer/903683605635.html?fromkv=cbuPcPlugin:imageSearchDrawerCard&spm=a2639h.29135425.offerlist.i8&source=action%23offerItem%3Borigin%23cf.shopee.vn&amug_biz=oneself&amug_fl_src=awakeId_982,,2026/6/22,58159241684,,,3,T-shirts
女士基础款短袖泡泡袖上衣 - Ivy Top - APRILLE,M,27.68,https://cf.shopee.vn/file/vn-11134207-81ztc-mnl3kusff3sw9e,http://shopee.vn/product/484412446/58159241684,Women Clothes,Tops,IVCN202606091074,3.76E+11,https://detail.1688.com/offer/903683605635.html?fromkv=cbuPcPlugin:imageSearchDrawerCard&spm=a2639h.29135425.offerlist.i8&source=action%23offerItem%3Borigin%23cf.shopee.vn&amug_biz=oneself&amug_fl_src=awakeId_982,,2026/6/22,58159241684,,,3,T-shirts
女士基础款短袖泡泡袖上衣 - Ivy Top - APRILLE,L,27.66,https://cf.shopee.vn/file/vn-11134207-81ztc-mnl3l5057fnpca,http://shopee.vn/product/484412446/58159241684,Women Clothes,Tops,IVCN202606091074,3.76E+11,https://detail.1688.com/offer/903683605635.html?fromkv=cbuPcPlugin:imageSearchDrawerCard&spm=a2639h.29135425.offerlist.i8&source=action%23offerItem%3Borigin%23cf.shopee.vn&amug_biz=oneself&amug_fl_src=awakeId_982,,2026/6/22,58159241684,,,3,T-shirts
Tamara 短款上衣 - 优雅时尚，博主风，夏季款，优质厚针织面料，无胸垫,酒红色，适合 36 至 42 码。,20.99,https://cf.shopee.com.br/file/br-11134207-81ztw-mknrzl3ygd1ebb,http://shopee.com.br/product/1660975789/58200486509,Women Clothes,Tops,IVCN202606091078,1.99E+11,https://detail.1688.com/offer/978859552491.html?spm=a26352.b28411319/2508.0.0,,2026/6/22,58200486509,,,4,Others
Tamara 短款上衣 - 优雅时尚，博主风，夏季款，优质厚针织面料，无胸垫,白色，适合 36 至 42 码。,21.26,https://cf.shopee.com.br/file/br-11134207-81z1k-mgw7rtoz2whz47,http://shopee.com.br/product/1660975789/58200486509,Women Clothes,Tops,IVCN202606091078,1.90E+11,https://detail.1688.com/offer/978859552491.html?spm=a26352.b28411319/2508.0.0,,2026/6/22,58200486509,,,4,Others
Tamara 短款上衣 - 优雅时尚，博主风，夏季款，优质厚针织面料，无胸垫,米白色，适合 36 至 42 码。,21.15,https://cf.shopee.com.br/file/br-11134207-81z1k-miakt1kuxqted5,http://shopee.com.br/product/1660975789/58200486509,Women Clothes,Tops,IVCN202606091078,1.60E+11,https://detail.1688.com/offer/978859552491.html?spm=a26352.b28411319/2508.0.0,,2026/6/22,58200486509,,,4,Others
Tamara 短款上衣 - 优雅时尚，博主风，夏季款，优质厚针织面料，无胸垫,黑色，适合尺码 36 至 42。,19.81,https://cf.shopee.com.br/file/br-11134207-81z1k-mgw7rtoz4b2f10,http://shopee.com.br/product/1660975789/58200486509,Women Clothes,Tops,IVCN202606091078,1.90E+11,https://detail.1688.com/offer/978859552491.html?spm=a26352.b28411319/2508.0.0,,2026/6/22,58200486509,,,4,Others
女士波点连衣裙，后背系带，青春靓丽，双层设计，内置胸垫，现货供应。,"Kem,S",20,https://cf.shopee.vn/file/vn-11134207-7ras8-m0tmd8mcyktp6d,http://shopee.vn/product/610650676/24686638132,Women Clothes,Dresses,IVCN202606091097,2.23E+11,https://detail.1688.com/offer/911412759470.html?spm=a26352.b28411319.offerlist.6.70881e624RTGTw,,2026/6/22,24686638132,,,2,
女士波点连衣裙，后背系带，青春靓丽，双层设计，内置胸垫，现货供应。,"Kem,M",20,https://cf.shopee.vn/file/vn-11134207-7ras8-m0tmd8mcyktp6d,http://shopee.vn/product/610650676/24686638132,Women Clothes,Dresses,IVCN202606091097,2.23E+11,https://detail.1688.com/offer/911412759470.html?spm=a26352.b28411319.offerlist.6.70881e624RTGTw,,2026/6/22,24686638132,,,2,
印花连衣裙，面料质感极佳🎀,黑色波点图案，均码，胸围 36 英寸。,35.47,https://cf.shopee.co.th/file/th-11134207-81zti-mk5f3sm6ark5fb,http://shopee.co.th/product/161700248/25878389599,Women Clothes,Dresses,IVCN202606091103,1.95E+11,https://detail.1688.com/offer/951058371061.html?spm=a26352.b28411319/2508.0.0,,2026/6/22,25878389599,,,2,
印花连衣裙，面料质感极佳🎀,奶油色波点图案，均码，胸围36英寸。,44.57,https://cf.shopee.co.th/file/th-11134207-81ztn-mk5f4frlubrb10,http://shopee.co.th/product/161700248/25878389599,Women Clothes,Dresses,IVCN202606091103,1.95E+11,https://detail.1688.com/offer/951058371061.html?spm=a26352.b28411319/2508.0.0,,2026/6/22,25878389599,,,2,
Nuso连衣裙-|BEELY| 基本款亚麻衬衫裙 + 腰带,黄色的,40.71,https://cf.shopee.vn/file/vn-11134207-7ras8-mcrgeztkze7052,http://shopee.vn/product/803395891/40705041644,Women Clothes,Dresses,IVCN202606091136,3.05E+11,https://detail.1688.com/offer/1000526077293.html?kj_agent_plugin=aliprice&fromkv=xytTrace:213f867c17770114429195697e11c7&token=PHAwp8YokxB30xOrWS%2BI7An4vCMKsMiWQ5qlFSd8Ewh0crJueTOKM9IGcotzGs5v,,2026/6/22,40705041644,,,1,
女士中长连衣裙，泡泡袖，方领，腰部系带。,怀特，S,21.6,https://cf.shopee.vn/file/vn-11134207-820l4-mfck567xh1qg17,http://shopee.vn/product/170006603/40822660133,Women Clothes,Dresses,IVCN202606091138,2.97E+11,https://detail.1688.com/offer/982936591697.html?kj_agent_plugin=aliprice&fromkv=xytTrace:2133d7d417770128318493044e0e24&token=lj0a2XYnUAOOVKHqMgKTl7D0vPVq4RiE7Dwd8VaXzKwjQDp8r6HZ8FUmVNHe36UB,,2026/6/22,40822660133,,,2,
女士中长连衣裙，泡泡袖，方领，腰部系带。,怀特，M,21.98,https://cf.shopee.vn/file/vn-11134207-820l4-mfck567xh1qg17,http://shopee.vn/product/170006603/40822660133,Women Clothes,Dresses,IVCN202606091138,2.97E+11,https://detail.1688.com/offer/982936591697.html?kj_agent_plugin=aliprice&fromkv=xytTrace:2133d7d417770128318493044e0e24&token=lj0a2XYnUAOOVKHqMgKTl7D0vPVq4RiE7Dwd8VaXzKwjQDp8r6HZ8FUmVNHe36UB,,2026/6/22,40822660133,,,2,
[含项链] 性感火辣 | hotmess.eps | MINDY 黑色和海军蓝垂褶派对连衣裙,均码（40-65公斤），黑色,36.9,https://cf.shopee.vn/file/vn-11134207-81ztc-mnfytrsj4i6d35,http://shopee.vn/product/274215579/41728026035,Women Clothes,Dresses,IVCN202606091141,4.26E+11,https://detail.1688.com/offer/1033898590931.html?fromkv=cbuPcPlugin:imageSearchDrawerCard&spm=a2639h.29135425.offerlist.i26&source=action%23offerItem%3Borigin%23cf.shopee.vn&amug_biz=oneself&amug_fl_src=awakeId_982,,2026/6/22,41728026035,,,2,
[含项链] 性感火辣 | hotmess.eps | MINDY 黑色和海军蓝垂褶派对连衣裙,均码（40-65公斤），藏蓝色,36.9,https://cf.shopee.vn/file/vn-11134207-81ztc-mlknyiurwjygc5,http://shopee.vn/product/274215579/41728026035,Women Clothes,Dresses,IVCN202606091141,4.26E+11,https://detail.1688.com/offer/1033898590931.html?fromkv=cbuPcPlugin:imageSearchDrawerCard&spm=a2639h.29135425.offerlist.i26&source=action%23offerItem%3Borigin%23cf.shopee.vn&amug_biz=oneself&amug_fl_src=awakeId_982,,2026/6/22,41728026035,,,2,
印花荷叶袖长款连衣裙 - 柠檬连衣裙,S,30.76,https://cf.shopee.vn/file/vn-11134207-7ras8-mbz8gkxl3dkic5,http://shopee.vn/product/64899639/43203200852,Women Clothes,Dresses,IVCN202606091151,2.90E+11,https://detail.1688.com/offer/916694873478.html?fromkv=cbuPcPlugin:imageSearchDrawerCard&spm=a2639h.29135425.offerlist.i6&source=action%23offerItem%3Borigin%23cf.shopee.vn&amug_biz=oneself&amug_fl_src=awakeId_982,,2026/6/22,43203200852,,,3,
印花荷叶袖长款连衣裙 - 柠檬连衣裙,M,30.61,https://cf.shopee.vn/file/vn-11134207-7ras8-mbz8h6c3qesy1b,http://shopee.vn/product/64899639/43203200852,Women Clothes,Dresses,IVCN202606091151,2.90E+11,https://detail.1688.com/offer/916694873478.html?fromkv=cbuPcPlugin:imageSearchDrawerCard&spm=a2639h.29135425.offerlist.i6&source=action%23offerItem%3Borigin%23cf.shopee.vn&amug_biz=oneself&amug_fl_src=awakeId_982,,2026/6/22,43203200852,,,3,
印花荷叶袖长款连衣裙 - 柠檬连衣裙,L,30.63,https://cf.shopee.vn/file/vn-11134207-7ras8-mbz8gkxl1z02b1,http://shopee.vn/product/64899639/43203200852,Women Clothes,Dresses,IVCN202606091151,2.90E+11,https://detail.1688.com/offer/916694873478.html?fromkv=cbuPcPlugin:imageSearchDrawerCard&spm=a2639h.29135425.offerlist.i6&source=action%23offerItem%3Borigin%23cf.shopee.vn&amug_biz=oneself&amug_fl_src=awakeId_982,,2026/6/22,43203200852,,,3,
Withit Maxi连衣裙，饰有玳瑁纹五金配件 - DRW47754,可可,27.82,https://cf.shopee.co.th/file/th-11134207-81ztc-ml024jwosg07d6,http://shopee.co.th/product/21985649/46205398814,Women Clothes,Dresses,IVCN202606091155,4.05E+11,https://detail.1688.com/offer/858023858002.html?kj_agent_plugin=aliprice&fromkv=xytTrace:0b51056217772856573633076e0d9f&token=MQeJdm6gNFsAq5M9uE1e1pWqk6HbpNeRkV8QKScmVaX4cSYPvoR67Oc%2BgXHjPrmO,,2026/6/22,46205398814,,,3,
Withit Maxi连衣裙，饰有玳瑁纹五金配件 - DRW47754,淡霜,28.02,https://cf.shopee.co.th/file/th-11134207-81ztm-ml024jwltou82b,http://shopee.co.th/product/21985649/46205398814,Women Clothes,Dresses,IVCN202606091155,4.05E+11,https://detail.1688.com/offer/858023858002.html?kj_agent_plugin=aliprice&fromkv=xytTrace:0b51056217772856573633076e0d9f&token=MQeJdm6gNFsAq5M9uE1e1pWqk6HbpNeRkV8QKScmVaX4cSYPvoR67Oc%2BgXHjPrmO,,2026/6/22,46205398814,,,3,
Withit Maxi连衣裙，饰有玳瑁纹五金配件 - DRW47754,白色的,27.92,https://cf.shopee.co.th/file/th-11134207-81ztd-ml024jwk6oznd3,http://shopee.co.th/product/21985649/46205398814,Women Clothes,Dresses,IVCN202606091155,4.05E+11,https://detail.1688.com/offer/858023858002.html?kj_agent_plugin=aliprice&fromkv=xytTrace:0b51056217772856573633076e0d9f&token=MQeJdm6gNFsAq5M9uE1e1pWqk6HbpNeRkV8QKScmVaX4cSYPvoR67Oc%2BgXHjPrmO,,2026/6/22,46205398814,,,3,
珍妮·德雷斯,黑色，S,24.88,https://down-vn.img.susercontent.com/file/vn-11134207-81ztc-mn0sewq86sxye3.webp,http://shopee.vn/product/81369003/47208774142,Women Clothes,Dresses,IVCN202606091164,1.89E+11,https://detail.1688.com/offer/1035639770566.html?kj_agent_plugin=aliprice&fromkv=xytTrace:2127a84b17796812994741870e100e&token=FkBvm7F1BNm0EsxxA7NCqR%2BjBF8dRTFjFyCDzfKARoCg1USbFI2CIxwW2eNZT4ZV,,2026/6/22,47208774142,,,4,
珍妮·德雷斯,黑色，M,24.88,https://down-vn.img.susercontent.com/file/vn-11134207-81ztc-mn0sewq86sxye3.webp,http://shopee.vn/product/81369003/47208774142,Women Clothes,Dresses,IVCN202606091164,1.89E+11,https://detail.1688.com/offer/1035639770566.html?kj_agent_plugin=aliprice&fromkv=xytTrace:2127a84b17796812994741870e100e&token=FkBvm7F1BNm0EsxxA7NCqR%2BjBF8dRTFjFyCDzfKARoCg1USbFI2CIxwW2eNZT4ZV,,2026/6/22,47208774142,,,4,
珍妮·德雷斯,黑色，XL,24.88,https://down-vn.img.susercontent.com/file/vn-11134207-81ztc-mn0sewq86sxye3.webp,http://shopee.vn/product/81369003/47208774142,Women Clothes,Dresses,IVCN202606091164,1.89E+11,https://detail.1688.com/offer/1035639770566.html?kj_agent_plugin=aliprice&fromkv=xytTrace:2127a84b17796812994741870e100e&token=FkBvm7F1BNm0EsxxA7NCqR%2BjBF8dRTFjFyCDzfKARoCg1USbFI2CIxwW2eNZT4ZV,,2026/6/22,47208774142,,,4,
珍妮·德雷斯,黑色，L,24.88,https://down-vn.img.susercontent.com/file/vn-11134207-81ztc-mn0sewq86sxye3.webp,http://shopee.vn/product/81369003/47208774142,Women Clothes,Dresses,IVCN202606091164,1.89E+11,https://detail.1688.com/offer/1035639770566.html?kj_agent_plugin=aliprice&fromkv=xytTrace:2127a84b17796812994741870e100e&token=FkBvm7F1BNm0EsxxA7NCqR%2BjBF8dRTFjFyCDzfKARoCg1USbFI2CIxwW2eNZT4ZV,,2026/6/22,47208774142,,,4,
优雅妩媚的长款A字亚麻连衣裙，印花图案，适合工作或休闲场合。LiLiQiQi By CayLeo - VL12,黄金，S,50,https://cf.shopee.vn/file/vn-11134207-81ztc-mlop2x4qizupbb,http://shopee.vn/product/930342299/53257996245,Women Clothes,Dresses,IVCN202606091199,3.56E+11,https://detail.1688.com/offer/1040655998023.html?fromkv=cbuPcPlugin:imageSearchDrawerCard&spm=a2639h.29135425.offerlist.i14&source=action%23offerItem%3Borigin%23cf.shopee.vn&amug_biz=oneself&amug_fl_src=awakeId_982,,2026/6/22,53257996245,,,3,
优雅妩媚的长款A字亚麻连衣裙，印花图案，适合工作或休闲场合。LiLiQiQi By CayLeo - VL12,黄金，M,50,https://cf.shopee.vn/file/vn-11134207-81ztc-mlop2x4qizupbb,http://shopee.vn/product/930342299/53257996245,Women Clothes,Dresses,IVCN202606091199,3.56E+11,https://detail.1688.com/offer/1040655998023.html?fromkv=cbuPcPlugin:imageSearchDrawerCard&spm=a2639h.29135425.offerlist.i14&source=action%23offerItem%3Borigin%23cf.shopee.vn&amug_biz=oneself&amug_fl_src=awakeId_982,,2026/6/22,53257996245,,,3,
优雅妩媚的长款A字亚麻连衣裙，印花图案，适合工作或休闲场合。LiLiQiQi By CayLeo - VL12,金，L,50,https://cf.shopee.vn/file/vn-11134207-81ztc-mlop2x4qizupbb,http://shopee.vn/product/930342299/53257996245,Women Clothes,Dresses,IVCN202606091199,3.56E+11,https://detail.1688.com/offer/1040655998023.html?fromkv=cbuPcPlugin:imageSearchDrawerCard&spm=a2639h.29135425.offerlist.i14&source=action%23offerItem%3Borigin%23cf.shopee.vn&amug_biz=oneself&amug_fl_src=awakeId_982,,2026/6/22,53257996245,,,3,
牛仔裤 - TooHotToHeal,"型号 - 浅宝石红 02,L",31,https://cf.shopee.co.th/file/th-11134207-81zti-mihrlepl0wzn4d,http://shopee.co.th/product/408481660/9946589735,Women Clothes,Pants & Leggings,IVCN202606091242,2.61E+11,https://detail.1688.com/offer/876498015626.html?kj_agent_plugin=aliprice&fromkv=xytTrace%3A2146938717770020126317586e1001&token=zBR1kdBXMmFjCGKeSuXvZE1n6jPMn%2BbdTkZVCibdlUVK4tkerKbYTtgeau85GJdk,,2026/6/22,9946589735,,,9,Pants
牛仔裤 - TooHotToHeal,"型号 - 浅红宝石 02,M",31,https://cf.shopee.co.th/file/th-11134207-81zti-mihrlepl0wzn4d,http://shopee.co.th/product/408481660/9946589735,Women Clothes,Pants & Leggings,IVCN202606091242,2.61E+11,https://detail.1688.com/offer/876498015626.html?kj_agent_plugin=aliprice&fromkv=xytTrace%3A2146938717770020126317586e1001&token=zBR1kdBXMmFjCGKeSuXvZE1n6jPMn%2BbdTkZVCibdlUVK4tkerKbYTtgeau85GJdk,,2026/6/22,9946589735,,,9,Pants
牛仔裤 - TooHotToHeal,"型号 - 浅红宝石 02,S",31,https://cf.shopee.co.th/file/th-11134207-81zti-mihrlepl0wzn4d,http://shopee.co.th/product/408481660/9946589735,Women Clothes,Pants & Leggings,IVCN202606091242,2.61E+11,https://detail.1688.com/offer/876498015626.html?kj_agent_plugin=aliprice&fromkv=xytTrace%3A2146938717770020126317586e1001&token=zBR1kdBXMmFjCGKeSuXvZE1n6jPMn%2BbdTkZVCibdlUVK4tkerKbYTtgeau85GJdk,,2026/6/22,9946589735,,,9,Pants
牛仔裤 - TooHotToHeal,型号 - 糖牛奶 11升,31,https://cf.shopee.co.th/file/th-11134207-81ztc-mihrleeh0av569,http://shopee.co.th/product/408481660/9946589735,Women Clothes,Pants & Leggings,IVCN202606091242,2.59E+11,https://detail.1688.com/offer/876498015626.html?kj_agent_plugin=aliprice&fromkv=xytTrace%3A2146938717770020126317586e1001&token=zBR1kdBXMmFjCGKeSuXvZE1n6jPMn%2BbdTkZVCibdlUVK4tkerKbYTtgeau85GJdk,,2026/6/22,9946589735,,,9,Pants
牛仔裤 - TooHotToHeal,型号 - 糖牛奶 11，M,31,https://cf.shopee.co.th/file/th-11134207-81ztc-mihrleeh0av569,http://shopee.co.th/product/408481660/9946589735,Women Clothes,Pants & Leggings,IVCN202606091242,2.59E+11,https://detail.1688.com/offer/876498015626.html?kj_agent_plugin=aliprice&fromkv=xytTrace%3A2146938717770020126317586e1001&token=zBR1kdBXMmFjCGKeSuXvZE1n6jPMn%2BbdTkZVCibdlUVK4tkerKbYTtgeau85GJdk,,2026/6/22,9946589735,,,9,Pants
牛仔裤 - TooHotToHeal,型号 - 糖牛奶 11，S,31,https://cf.shopee.co.th/file/th-11134207-81ztc-mihrleeh0av569,http://shopee.co.th/product/408481660/9946589735,Women Clothes,Pants & Leggings,IVCN202606091242,2.59E+11,https://detail.1688.com/offer/876498015626.html?kj_agent_plugin=aliprice&fromkv=xytTrace%3A2146938717770020126317586e1001&token=zBR1kdBXMmFjCGKeSuXvZE1n6jPMn%2BbdTkZVCibdlUVK4tkerKbYTtgeau85GJdk,,2026/6/22,9946589735,,,9,Pants
牛仔裤 - TooHotToHeal,型号 - 白麦芽 12，升,52.38,https://cf.shopee.co.th/file/th-11134207-81zth-mihrlekmttdsa9,http://shopee.co.th/product/408481660/9946589735,Women Clothes,Pants & Leggings,IVCN202606091242,2.44E+11,,,2026/6/22,9946589735,,,9,Pants
牛仔裤 - TooHotToHeal,"型号 - 白麦芽 12,M",31,https://cf.shopee.co.th/file/th-11134207-81zth-mihrlekmttdsa9,http://shopee.co.th/product/408481660/9946589735,Women Clothes,Pants & Leggings,IVCN202606091242,2.44E+11,https://detail.1688.com/offer/876498015626.html?kj_agent_plugin=aliprice&fromkv=xytTrace%3A2146938717770020126317586e1001&token=zBR1kdBXMmFjCGKeSuXvZE1n6jPMn%2BbdTkZVCibdlUVK4tkerKbYTtgeau85GJdk,,2026/6/22,9946589735,,,9,Pants
牛仔裤 - TooHotToHeal,"型号 - 白麦芽 12,S",31,https://cf.shopee.co.th/file/th-11134207-81zth-mihrlekmttdsa9,http://shopee.co.th/product/408481660/9946589735,Women Clothes,Pants & Leggings,IVCN202606091242,2.44E+11,https://detail.1688.com/offer/876498015626.html?kj_agent_plugin=aliprice&fromkv=xytTrace%3A2146938717770020126317586e1001&token=zBR1kdBXMmFjCGKeSuXvZE1n6jPMn%2BbdTkZVCibdlUVK4tkerKbYTtgeau85GJdk,,2026/6/22,9946589735,,,9,Pants
Twain Hasp_SP001 高腰阔腿裤。优质面料。适合工作场合。显瘦效果。畅销款，超级受欢迎。,黑色，M,11.78,https://cf.shopee.co.th/file/th-11134207-81zth-mg45bbgm3itk7d,http://shopee.co.th/product/7080019/11721984569,Women Clothes,Pants & Leggings,IVCN202606091261,46683510040,https://detail.1688.com/offer/777008963034.html,,2026/6/22,11721984569,,,4,Pants
Twain Hasp_SP001 高腰阔腿裤。优质面料。适合工作场合。显瘦效果。畅销款，超级受欢迎。,黑色，XL,14.5,https://cf.shopee.co.th/file/th-11134207-81zth-mg45bbgm3itk7d,http://shopee.co.th/product/7080019/11721984569,Women Clothes,Pants & Leggings,IVCN202606091261,46683510045,https://detail.1688.com/offer/777008963034.html,,2026/6/22,11721984569,,,4,Pants
Twain Hasp_SP001 高腰阔腿裤。优质面料。适合工作场合。显瘦效果。畅销款，超级受欢迎。,黑色，L,12.9,https://cf.shopee.co.th/file/th-11134207-81zth-mg45bbgm3itk7d,http://shopee.co.th/product/7080019/11721984569,Women Clothes,Pants & Leggings,IVCN202606091261,46683510066,https://detail.1688.com/offer/740242119140.html?fromkv=cbuPcPlugin:imageSearchDrawerCard&spm=a2639h.29135425.offerlist.i0&source=action%23offerItem%3Borigin%23cf.shopee.co.th&amug_biz=oneself&amug_fl_src=awakeId_982,,2026/6/22,11721984569,,,4,Pants
Twain Hasp_SP001 高腰阔腿裤。优质面料。适合工作场合。显瘦效果。畅销款，超级受欢迎。,黑色，S,12.9,https://cf.shopee.co.th/file/th-11134207-81zth-mg45bbgm3itk7d,http://shopee.co.th/product/7080019/11721984569,Women Clothes,Pants & Leggings,IVCN202606091261,46683510076,https://detail.1688.com/offer/740242119140.html?fromkv=cbuPcPlugin:imageSearchDrawerCard&spm=a2639h.29135425.offerlist.i0&source=action%23offerItem%3Borigin%23cf.shopee.co.th&amug_biz=oneself&amug_fl_src=awakeId_982,,2026/6/22,11721984569,,,4,Pants
气质针织裙，层叠蛋糕裙,卡其色，L/XL,26.5,https://cf.shopee.com.br/file/sg-11134201-7ra34-m53jzdbm3lhzb8,http://shopee.com.br/product/1048615794/22393649590,Women Clothes,Skirts,IVCN202606091295,2.20E+11,https://detail.1688.com/offer/788710344965.html?,,2026/6/22,22393649590,,,7,
气质针织裙，层叠蛋糕裙,柿子，M/G,22.16,https://cf.shopee.com.br/file/sg-11134201-7ra34-m53jzdbm3lhzb8,http://shopee.com.br/product/1048615794/22393649590,Women Clothes,Skirts,IVCN202606091295,2.20E+11,https://detail.1688.com/offer/788710344965.html?,,2026/6/22,22393649590,,,7,
气质针织裙，层叠蛋糕裙,Caqui，P/M,26.37,https://cf.shopee.com.br/file/sg-11134201-7ra34-m53jzdbm3lhzb8,http://shopee.com.br/product/1048615794/22393649590,Women Clothes,Skirts,IVCN202606091295,2.20E+11,https://detail.1688.com/offer/788710344965.html?,,2026/6/22,22393649590,,,7,
气质针织裙，层叠蛋糕裙,巧克力，M/G,25.47,https://cf.shopee.com.br/file/sg-11134201-7ra1b-m53jzc7nonsw12,http://shopee.com.br/product/1048615794/22393649590,Women Clothes,Skirts,IVCN202606091295,2.20E+11,https://detail.1688.com/offer/828357492424.html?,,2026/6/22,22393649590,,,7,
气质针织裙，层叠蛋糕裙,巧克力，P/M,27.03,https://cf.shopee.com.br/file/sg-11134201-7ra1b-m53jzc7nonsw12,http://shopee.com.br/product/1048615794/22393649590,Women Clothes,Skirts,IVCN202606091295,2.20E+11,https://detail.1688.com/offer/828357492424.html?,,2026/6/22,22393649590,,,7,
气质针织裙，层叠蛋糕裙,黑色，G/GG,25.44,https://cf.shopee.com.br/file/sg-11134201-7ra15-m53jz9cfvqve06,http://shopee.com.br/product/1048615794/22393649590,Women Clothes,Skirts,IVCN202606091295,2.20E+11,https://detail.1688.com/offer/859950987979.html?kj_agent_plugin=aliprice&fromkv=xytTrace:0,,2026/6/22,22393649590,,,7,
气质针织裙，层叠蛋糕裙,因此，M/G,25.51,https://cf.shopee.com.br/file/sg-11134201-7ra15-m53jz9cfvqve06,http://shopee.com.br/product/1048615794/22393649590,Women Clothes,Skirts,IVCN202606091295,2.20E+11,https://detail.1688.com/offer/711231135952.html?,,2026/6/22,22393649590,,,7,
长裤，防晒[完美UV]，UPF50紫外线防护，尼龙氨纶面料，凉爽裤子，无紫外线品牌。,黑色，2XL,22.53,https://cf.shopee.co.th/file/th-11134207-81ztm-mdwugf0hzojkf2,http://shopee.co.th/product/681318028/23487012053,Women Clothes,Pants & Leggings,IVCN202606091330,1.95E+11,https://detail.1688.com/offer/795453303609.html?fromkv=cbuPcPlugin:imageSearchDrawerCard&spm=a2639h.29135425.offerlist.i12&source=action%23offerItem%3Borigin%23shopee.co.th&amug_biz=oneself&amug_fl_src=awakeId_982,,2026/6/22,23487012053,,,5,Pants
长裤，防晒[完美UV]，UPF50紫外线防护，尼龙氨纶面料，凉爽裤子，无紫外线品牌。,黑色，S,28.13,https://cf.shopee.co.th/file/th-11134207-81ztm-mdwugf0hzojkf2,http://shopee.co.th/product/681318028/23487012053,Women Clothes,Pants & Leggings,IVCN202606091330,1.97E+11,https://detail.1688.com/offer/795453303609.html?fromkv=cbuPcPlugin:imageSearchDrawerCard&spm=a2639h.29135425.offerlist.i12&source=action%23offerItem%3Borigin%23shopee.co.th&amug_biz=oneself&amug_fl_src=awakeId_982,,2026/6/22,23487012053,,,5,Pants
长裤，防晒[完美UV]，UPF50紫外线防护，尼龙氨纶面料，凉爽裤子，无紫外线品牌。,黑色，M,20.27,https://cf.shopee.co.th/file/th-11134207-81ztm-mdwugf0hzojkf2,http://shopee.co.th/product/681318028/23487012053,Women Clothes,Pants & Leggings,IVCN202606091330,1.97E+11,https://detail.1688.com/offer/795453303609.html?fromkv=cbuPcPlugin:imageSearchDrawerCard&spm=a2639h.29135425.offerlist.i12&source=action%23offerItem%3Borigin%23shopee.co.th&amug_biz=oneself&amug_fl_src=awakeId_982,,2026/6/22,23487012053,,,5,Pants
长裤，防晒[完美UV]，UPF50紫外线防护，尼龙氨纶面料，凉爽裤子，无紫外线品牌。,黑色，XL,22.56,https://cf.shopee.co.th/file/th-11134207-81ztm-mdwugf0hzojkf2,http://shopee.co.th/product/681318028/23487012053,Women Clothes,Pants & Leggings,IVCN202606091330,1.95E+11,https://detail.1688.com/offer/923402596002.html?spm=a26352.b28411319.offerlist.6.ebc01e62oek2ni,,2026/6/22,23487012053,,,5,Pants
长裤，防晒[完美UV]，UPF50紫外线防护，尼龙氨纶面料，凉爽裤子，无紫外线品牌。,黑色，L,20.07,https://cf.shopee.co.th/file/th-11134207-81ztm-mdwugf0hzojkf2,http://shopee.co.th/product/681318028/23487012053,Women Clothes,Pants & Leggings,IVCN202606091330,1.97E+11,https://detail.1688.com/offer/795453303609.html?fromkv=cbuPcPlugin:imageSearchDrawerCard&spm=a2639h.29135425.offerlist.i12&source=action%23offerItem%3Borigin%23shopee.co.th&amug_biz=oneself&amug_fl_src=awakeId_982,,2026/6/22,23487012053,,,5,Pants
Fitme Flow 女士喇叭形健身瑜伽紧身裤，高腰提臀，修身显瘦 - QDOL,QDOL - 黑色，L 码,25.49,https://cf.shopee.vn/file/vn-11134207-7r98o-lwqmd5ok6bbt33,http://shopee.vn/product/453005290/25214906152,Women Clothes,Pants & Leggings,IVCN202606091354,2.55E+11,https://detail.1688.com/offer/980819228310.html?spm=a26352.b28411319/2508.0.0&cosite=-&tracelog=p4p&_p_isad=1&clickid=225743f3541b4c348533a22f909b0e9d&sessionid=5df90ffd866b4142cbd14f01897b6982,,2026/6/22,25214906152,,,6,Leggings & Treggings
Fitme Flow 女士喇叭形健身瑜伽紧身裤，高腰提臀，修身显瘦 - QDOL,QDOL - 黑色，M码,0.99,https://cf.shopee.vn/file/vn-11134207-7r98o-lwqmd5ok6bbt33,http://shopee.vn/product/453005290/25214906152,Women Clothes,Pants & Leggings,IVCN202606091354,2.55E+11,https://detail.1688.com/offer/980819228310.html?spm=a26352.b28411319/2508.0.0&cosite=-&tracelog=p4p&_p_isad=1&clickid=225743f3541b4c348533a22f909b0e9d&sessionid=5df90ffd866b4142cbd14f01897b6982,,2026/6/22,25214906152,,,6,Leggings & Treggings
Fitme Flow 女士喇叭形健身瑜伽紧身裤，高腰提臀，修身显瘦 - QDOL,QDOL - 黑色，S码,24,https://cf.shopee.vn/file/vn-11134207-7r98o-lwqmd5ok6bbt33,http://shopee.vn/product/453005290/25214906152,Women Clothes,Pants & Leggings,IVCN202606091354,2.55E+11,https://detail.1688.com/offer/899212867563.html?spm=a26352.b28411319/2508.0.0&cosite=-&tracelog=p4p&_p_isad=1&clickid=b034201310284d06be459074a57d4732&sessionid=1e5ea8d133554dac88cc527ddcdf8e12,,2026/6/22,25214906152,,,6,Leggings & Treggings
Fitme Flow 女士喇叭形健身瑜伽紧身裤，高腰提臀，修身显瘦 - QDOL,QDOL - 黑色，XL 码,25.57,https://cf.shopee.vn/file/vn-11134207-7r98o-lwqmd5ok6bbt33,http://shopee.vn/product/453005290/25214906152,Women Clothes,Pants & Leggings,IVCN202606091354,2.55E+11,https://detail.1688.com/offer/980819228310.html?spm=a26352.b28411319/2508.0.0&cosite=-&tracelog=p4p&_p_isad=1&clickid=225743f3541b4c348533a22f909b0e9d&sessionid=5df90ffd866b4142cbd14f01897b6982,,2026/6/22,25214906152,,,6,Leggings & Treggings
Fitme Flow 女士喇叭形健身瑜伽紧身裤，高腰提臀，修身显瘦 - QDOL,QDOL - 海军蓝西装外套，L码,25.58,https://cf.shopee.vn/file/vn-11134207-820l4-mfxgx5ypnsb02d,http://shopee.vn/product/453005290/25214906152,Women Clothes,Pants & Leggings,IVCN202606091354,2.55E+11,https://detail.1688.com/offer/980819228310.html?spm=a26352.b28411319/2508.0.0&cosite=-&tracelog=p4p&_p_isad=1&clickid=225743f3541b4c348533a22f909b0e9d&sessionid=5df90ffd866b4142cbd14f01897b6982,,2026/6/22,25214906152,,,6,Leggings & Treggings
Fitme Flow 女士喇叭形健身瑜伽紧身裤，高腰提臀，修身显瘦 - QDOL,QDOL - 海军蓝西装外套，M码,25.54,https://cf.shopee.vn/file/vn-11134207-820l4-mfxgx5ypnsb02d,http://shopee.vn/product/453005290/25214906152,Women Clothes,Pants & Leggings,IVCN202606091354,2.55E+11,https://detail.1688.com/offer/980819228310.html?spm=a26352.b28411319/2508.0.0&cosite=-&tracelog=p4p&_p_isad=1&clickid=225743f3541b4c348533a22f909b0e9d&sessionid=5df90ffd866b4142cbd14f01897b6982,,2026/6/22,25214906152,,,6,Leggings & Treggings
女士低腰牛仔短裤，A字型刺绣设计，修身显瘦，略带弹性，简约时尚，Augety Studio出品，CECE SHORTS,怀特，L,23.44,https://cf.shopee.vn/file/sg-11134201-824gf-mfkwo45yze2w9e,http://shopee.vn/product/425588274/40173217148,Women Clothes,Shorts,IVCN202606091446,2.77E+11,https://detail.1688.com/offer/899606812344.html?spm=a26352.b28411319/2508.0.0,,2026/6/22,40173217148,,,5,Shorts
女士低腰牛仔短裤，A字型刺绣设计，修身显瘦，略带弹性，简约时尚，Augety Studio出品，CECE SHORTS,怀特，M,23.2,https://cf.shopee.vn/file/sg-11134201-824gf-mfkwo45yze2w9e,http://shopee.vn/product/425588274/40173217148,Women Clothes,Shorts,IVCN202606091446,2.77E+11,https://detail.1688.com/offer/899606812344.html?spm=a26352.b28411319/2508.0.0,,2026/6/22,40173217148,,,5,Shorts
女士低腰牛仔短裤，A字型刺绣设计，修身显瘦，略带弹性，简约时尚，Augety Studio出品，CECE SHORTS,怀特，S,23.37,https://cf.shopee.vn/file/sg-11134201-824gf-mfkwo45yze2w9e,http://shopee.vn/product/425588274/40173217148,Women Clothes,Shorts,IVCN202606091446,2.77E+11,https://detail.1688.com/offer/899606812344.html?spm=a26352.b28411319/2508.0.0,,2026/6/22,40173217148,,,5,Shorts
女士低腰牛仔短裤，A字型刺绣设计，修身显瘦，略带弹性，简约时尚，Augety Studio出品，CECE SHORTS,格林，M,21.59,https://cf.shopee.vn/file/sg-11134201-824gx-mfkwo5xxm87h5d,http://shopee.vn/product/425588274/40173217148,Women Clothes,Shorts,IVCN202606091446,2.77E+11,https://detail.1688.com/offer/899606812344.html?spm=a26352.b28411319/2508.0.0,,2026/6/22,40173217148,,,5,Shorts
女士低腰牛仔短裤，A字型刺绣设计，修身显瘦，略带弹性，简约时尚，Augety Studio出品，CECE SHORTS,格林，S,22.81,https://cf.shopee.vn/file/sg-11134201-824gx-mfkwo5xxm87h5d,http://shopee.vn/product/425588274/40173217148,Women Clothes,Shorts,IVCN202606091446,2.77E+11,https://detail.1688.com/offer/899606812344.html?spm=a26352.b28411319/2508.0.0,,2026/6/22,40173217148,,,5,Shorts
Atipashop - 接触式人造丝长裤：长裤，弹性腰带，舒适弹力面料。,黑色的,14.9,https://cf.shopee.co.th/file/th-11134207-7ra0p-mc9cuapsa7ebe6,http://shopee.co.th/product/95346413/41708729662,Women Clothes,Pants & Leggings,IVCN202606091453,2.76E+11,https://detail.1688.com/offer/644244766149.html?fromkv=cbuPcPlugin:imageSearchDrawerCard&spm=a2639h.29135425.offerlist.i1&source=action%23offerItem%3Borigin%23cf.shopee.co.th&amug_biz=oneself&amug_fl_src=awakeId_982,,2026/6/22,41708729662,,,4,Pants
Atipashop - 接触式人造丝长裤：长裤，弹性腰带，舒适弹力面料。,焦糖,14.9,https://cf.shopee.co.th/file/th-11134207-7ra0h-mc9cuikt1ves32,http://shopee.co.th/product/95346413/41708729662,Women Clothes,Pants & Leggings,IVCN202606091453,2.76E+11,https://detail.1688.com/offer/644244766149.html?fromkv=cbuPcPlugin:imageSearchDrawerCard&spm=a2639h.29135425.offerlist.i1&source=action%23offerItem%3Borigin%23cf.shopee.co.th&amug_biz=oneself&amug_fl_src=awakeId_982,,2026/6/22,41708729662,,,4,Pants
Atipashop - 接触式人造丝长裤：长裤，弹性腰带，舒适弹力面料。,糖,14.9,https://cf.shopee.co.th/file/th-11134207-7ra0u-mc9cupcytbnoa5,http://shopee.co.th/product/95346413/41708729662,Women Clothes,Pants & Leggings,IVCN202606091453,2.76E+11,https://detail.1688.com/offer/644244766149.html?fromkv=cbuPcPlugin:imageSearchDrawerCard&spm=a2639h.29135425.offerlist.i1&source=action%23offerItem%3Borigin%23cf.shopee.co.th&amug_biz=oneself&amug_fl_src=awakeId_982,,2026/6/22,41708729662,,,4,Pants
Atipashop - 接触式人造丝长裤：长裤，弹性腰带，舒适弹力面料。,浅灰色,14.9,https://cf.shopee.co.th/file/th-11134207-7ra0j-mdevoj4e6ay6a6,http://shopee.co.th/product/95346413/41708729662,Women Clothes,Pants & Leggings,IVCN202606091453,2.86E+11,https://detail.1688.com/offer/644244766149.html?fromkv=cbuPcPlugin:imageSearchDrawerCard&spm=a2639h.29135425.offerlist.i1&source=action%23offerItem%3Borigin%23cf.shopee.co.th&amug_biz=oneself&amug_fl_src=awakeId_982,,2026/6/22,41708729662,,,4,Pants
MIA RITTA 女士长裙，A 字裙摆，略微外扩，双层设计，经典波点图案，DIANA 裙 - B00019,棕色，S码,31.9,https://cf.shopee.vn/file/vn-11134207-820l4-mibvr7nxd53a7f,http://shopee.vn/product/137277788/43170621751,Women Clothes,Skirts,IVCN202606091477,2.67E+11,https://detail.1688.com/offer/924708261308.html?kj_agent_plugin=aliprice&fromkv=xytTrace%3A0b5681be17772698454234634e1135&token=fSaxNaSH6SmXBH7YtR9Hmqd9ecEBYSr2O4j7S1%2BCqogBGDNR3hf3z%2BvCE49DiBf%2B,,2026/6/22,43170621751,,,1,
VICK 薄纱系带半身裙，带衬里,白色的,26.9,https://cf.shopee.com.br/file/br-11134207-81ztc-mjszroiy1729df,http://shopee.com.br/product/1350740838/49505175958,Women Clothes,Skirts,IVCN202606091484,4.35E+11,https://detail.1688.com/offer/809153055010.html?spm=a26352.b28411319/2508.0.0,,2026/6/22,49505175958,,,2,
VICK 薄纱系带半身裙，带衬里,所以,26.9,https://cf.shopee.com.br/file/br-11134207-81ztc-mjszroiperk3e9,http://shopee.com.br/product/1350740838/49505175958,Women Clothes,Skirts,IVCN202606091484,4.35E+11,https://detail.1688.com/offer/809153055010.html?spm=a26352.b28411319/2508.0.0,,2026/6/22,49505175958,,,2,
宽腿裤，带蕾丝边和吊带 CABY - KILL 系统,黑色，S,25.48,https://cf.shopee.vn/file/vn-11134207-820l4-mhabgq8epwqxf9,http://shopee.vn/product/23884746/53251783633,Women Clothes,Pants & Leggings,IVCN202606091494,2.62E+11,https://detail.1688.com/offer/917497057586.html?fromkv=cbuPcPlugin:imageSearchDrawerCard&spm=a2639h.29135425.offerlist.i4&source=action%23offerItem%3Borigin%23cf.shopee.vn&amug_biz=oneself&amug_fl_src=awakeId_982,,2026/6/22,53251783633,,,4,Pants
宽腿裤，带蕾丝边和吊带 CABY - KILL 系统,布朗，S,25.62,https://cf.shopee.vn/file/vn-11134207-820l4-mhabgmh8xamjc6,http://shopee.vn/product/23884746/53251783633,Women Clothes,Pants & Leggings,IVCN202606091494,2.62E+11,https://detail.1688.com/offer/917497057586.html?fromkv=cbuPcPlugin:imageSearchDrawerCard&spm=a2639h.29135425.offerlist.i4&source=action%23offerItem%3Borigin%23cf.shopee.vn&amug_biz=oneself&amug_fl_src=awakeId_982,,2026/6/22,53251783633,,,4,Pants
宽腿裤，带蕾丝边和吊带 CABY - KILL 系统,布朗，M,26.09,https://cf.shopee.vn/file/vn-11134207-820l4-mhabgmh8xamjc6,http://shopee.vn/product/23884746/53251783633,Women Clothes,Pants & Leggings,IVCN202606091494,2.62E+11,https://detail.1688.com/offer/917497057586.html?fromkv=cbuPcPlugin:imageSearchDrawerCard&spm=a2639h.29135425.offerlist.i4&source=action%23offerItem%3Borigin%23cf.shopee.vn&amug_biz=oneself&amug_fl_src=awakeId_982,,2026/6/22,53251783633,,,4,Pants
宽腿裤，带蕾丝边和吊带 CABY - KILL 系统,黑色，M,25.5,https://cf.shopee.vn/file/vn-11134207-820l4-mhabgq8epwqxf9,http://shopee.vn/product/23884746/53251783633,Women Clothes,Pants & Leggings,IVCN202606091494,2.62E+11,https://detail.1688.com/offer/917497057586.html?fromkv=cbuPcPlugin:imageSearchDrawerCard&spm=a2639h.29135425.offerlist.i4&source=action%23offerItem%3Borigin%23cf.shopee.vn&amug_biz=oneself&amug_fl_src=awakeId_982,,2026/6/22,53251783633,,,4,Pants
[防水]Nonmoi-Isola 女士工装裤 防水多口袋高腰裤,米色，L,35,https://cf.shopee.ph/file/ph-11134207-81ztg-mgotfgviwemmec,http://shopee.ph/product/1483044023/56850834892,Women Clothes,Pants & Leggings,IVCN202606091505,4.15E+11,https://detail.1688.com/offer/941629137937.html?fromkv=cbuPcPlugin:imageSearchDrawerCard&spm=a2639h.29135425.offerlist.i3&source=action%23offerItem%3Borigin%23shopee.ph&amug_biz=oneself&amug_fl_src=awakeId_982,,2026/6/22,56850834892,,,8,Pants
[防水]Nonmoi-Isola 女士工装裤 防水多口袋高腰裤,米色，M,35,https://cf.shopee.ph/file/ph-11134207-81ztg-mgotfgviwemmec,http://shopee.ph/product/1483044023/56850834892,Women Clothes,Pants & Leggings,IVCN202606091505,4.15E+11,https://detail.1688.com/offer/941629137937.html?fromkv=cbuPcPlugin:imageSearchDrawerCard&spm=a2639h.29135425.offerlist.i3&source=action%23offerItem%3Borigin%23shopee.ph&amug_biz=oneself&amug_fl_src=awakeId_982,,2026/6/22,56850834892,,,8,Pants
[防水]Nonmoi-Isola 女士工装裤 防水多口袋高腰裤,米色，S,35,https://cf.shopee.ph/file/ph-11134207-81ztg-mgotfgviwemmec,http://shopee.ph/product/1483044023/56850834892,Women Clothes,Pants & Leggings,IVCN202606091505,4.15E+11,https://detail.1688.com/offer/941629137937.html?fromkv=cbuPcPlugin:imageSearchDrawerCard&spm=a2639h.29135425.offerlist.i3&source=action%23offerItem%3Borigin%23shopee.ph&amug_biz=oneself&amug_fl_src=awakeId_982,,2026/6/22,56850834892,,,8,Pants
[防水]Nonmoi-Isola 女士工装裤 防水多口袋高腰裤,米色，XL,42.8,https://cf.shopee.ph/file/ph-11134207-81ztg-mgotfgviwemmec,http://shopee.ph/product/1483044023/56850834892,Women Clothes,Pants & Leggings,IVCN202606091505,1.69E+11,,,2026/6/22,56850834892,,,8,Pants
[防水]Nonmoi-Isola 女士工装裤 防水多口袋高腰裤,黑色，L,35,https://cf.shopee.ph/file/ph-11134207-81zte-mgotf4y1antac4,http://shopee.ph/product/1483044023/56850834892,Women Clothes,Pants & Leggings,IVCN202606091505,4.15E+11,https://detail.1688.com/offer/941629137937.html?fromkv=cbuPcPlugin:imageSearchDrawerCard&spm=a2639h.29135425.offerlist.i3&source=action%23offerItem%3Borigin%23shopee.ph&amug_biz=oneself&amug_fl_src=awakeId_982,,2026/6/22,56850834892,,,8,Pants
[防水]Nonmoi-Isola 女士工装裤 防水多口袋高腰裤,黑色，M,35,https://cf.shopee.ph/file/ph-11134207-81zte-mgotf4y1antac4,http://shopee.ph/product/1483044023/56850834892,Women Clothes,Pants & Leggings,IVCN202606091505,4.15E+11,https://detail.1688.com/offer/941629137937.html?fromkv=cbuPcPlugin:imageSearchDrawerCard&spm=a2639h.29135425.offerlist.i3&source=action%23offerItem%3Borigin%23shopee.ph&amug_biz=oneself&amug_fl_src=awakeId_982,,2026/6/22,56850834892,,,8,Pants
[防水]Nonmoi-Isola 女士工装裤 防水多口袋高腰裤,黑色，S,35,https://cf.shopee.ph/file/ph-11134207-81zte-mgotf4y1antac4,http://shopee.ph/product/1483044023/56850834892,Women Clothes,Pants & Leggings,IVCN202606091505,4.15E+11,https://detail.1688.com/offer/941629137937.html?fromkv=cbuPcPlugin:imageSearchDrawerCard&spm=a2639h.29135425.offerlist.i3&source=action%23offerItem%3Borigin%23shopee.ph&amug_biz=oneself&amug_fl_src=awakeId_982,,2026/6/22,56850834892,,,8,Pants
[防水]Nonmoi-Isola 女士工装裤 防水多口袋高腰裤,黑色，XL,35,https://cf.shopee.ph/file/ph-11134207-81zte-mgotf4y1antac4,http://shopee.ph/product/1483044023/56850834892,Women Clothes,Pants & Leggings,IVCN202606091505,1.67E+11,https://detail.1688.com/offer/941629137937.html?fromkv=cbuPcPlugin:imageSearchDrawerCard&spm=a2639h.29135425.offerlist.i3&source=action%23offerItem%3Borigin%23shopee.ph&amug_biz=oneself&amug_fl_src=awakeId_982,,2026/6/22,56850834892,,,8,Pants
雪纺连体裤，带衬里，均码，夏季，露背，休闲，适合派对，LUIZA,黄色的,25.32,https://cf.shopee.com.br/file/br-11134207-81ztc-mk9nln1d6c5e2f,http://shopee.com.br/product/1566988014/22294868759,Women Clothes,"Jumpsuits, Playsuits & Overalls",IVCN202606091526,2.10E+11,https://detail.1688.com/offer/1000222287090.html?fromkv=cbuPcPlugin:imageSearchDrawerCard&spm=a2639h.29135425.offerlist.i1&source=action%23offerItem%3Borigin%23shopee.com.br&amug_biz=oneself&amug_fl_src=awakeId_982,,2026/6/22,22294868759,,,2,Playsuits
雪纺连体裤，带衬里，均码，夏季，露背，休闲，适合派对，LUIZA,棕色的,25.17,https://cf.shopee.com.br/file/br-11134207-820la-mn39jwz0nnr87c,http://shopee.com.br/product/1566988014/22294868759,Women Clothes,"Jumpsuits, Playsuits & Overalls",IVCN202606091526,2.29E+11,https://detail.1688.com/offer/1030340412558.html?spm=a26352.b28411319/2508.0.0,,2026/6/22,22294868759,,,2,Playsuits
女士连体运动服套装，细肩带，短裤下装，针织面料，成分为 92% 尼龙 + 8% 氨纶 JS-DL,黑色，M,22.5,https://cf.shopee.vn/file/vn-11134207-7r98o-lt7kgcgnomv8c4,http://shopee.vn/product/94804830/25120417948,Women Clothes,"Jumpsuits, Playsuits & Overalls",IVCN202606091544,2.41E+11,https://detail.1688.com/offer/902659800817.html?kj_agent_plugin=aliprice&fromkv=xytTrace%3A0bbb04ba17479032646981292e139d&token=IXLf48NJlO6kfsDyXa5%2BR7%2FdwVKcOeioVSUqxQjA1rmhjvdSM%2FIGHOaW93Ei8a7n&tracelog=cps&clickid=10f2c435d249028b07bdc3a54c253f5b&targetUrl=https%3A%2F%2Fs.click.1688.com%2Ft%3Fe%3DA6FEAF87A2FCFBDD05C1BD6ABB449CE46147FC88EA630CBAC31FEFBD3966EDE4DF88C915D5486E33D1003E749B3EAAA5861098A75E16F4D226600F2847DABD1A5F0FFA4FF39BCCC320D4625E68D0D47AF6FEC9241CC79F982F2298161E9E1CDCD9167B64D8C8054E6C14FDB79D7B2707760608E376167AE0C37AC68A2C12576A7EEF6D6099BA67CE2BA95CC4F9A8AC07D13A35F1DB68416F2A2D8246AEAFFA3DE8A10E446E65AE5771CF55DF8EEED6335E97483D73FCC21D088BBA829B4A63B0450DEECD582C46634E629A779498F8CA63369E3E8C3D2199,,2026/6/22,25120417948,,,6,Playsuits
女士连体运动服套装，细肩带，短裤下装，针织面料，成分为 92% 尼龙 + 8% 氨纶 JS-DL,黑色，S,22,https://cf.shopee.vn/file/vn-11134207-7r98o-lt7kgcgnomv8c4,http://shopee.vn/product/94804830/25120417948,Women Clothes,"Jumpsuits, Playsuits & Overalls",IVCN202606091544,2.41E+11,https://detail.1688.com/offer/788223197878.html?spm=a26352.b28411319.offerlist.6.b7f31e62hMfqdt&cosite=-&tracelog=p4p&_p_isad=1&clickid=14036284fc034b8f99c2dc8d586bd84c&sessionid=GZKQRPQKkYDZShJpi4jE8X5anXWNFaXHH8c1750156909875,,2026/6/22,25120417948,,,6,Playsuits
女士连体运动服套装，细肩带，短裤下装，针织面料，成分为 92% 尼龙 + 8% 氨纶 JS-DL,黑色，XS,30.64,https://cf.shopee.vn/file/vn-11134207-7r98o-lt7kgcgnomv8c4,http://shopee.vn/product/94804830/25120417948,Women Clothes,"Jumpsuits, Playsuits & Overalls",IVCN202606091544,2.41E+11,https://detail.1688.com/offer/839358537210.html?spm=a26352.b28411319/2508.0.0,,2026/6/22,25120417948,,,6,Playsuits
女士连体运动服套装，细肩带，短裤下装，针织面料，成分为 92% 尼龙 + 8% 氨纶 JS-DL,深蓝色，M,22,https://cf.shopee.vn/file/vn-11134207-7r98o-lt7kgcgnq1fo1d,http://shopee.vn/product/94804830/25120417948,Women Clothes,"Jumpsuits, Playsuits & Overalls",IVCN202606091544,2.41E+11,https://detail.1688.com/offer/788223197878.html?spm=a26352.b28411319.offerlist.6.b7f31e62hMfqdt&cosite=-&tracelog=p4p&_p_isad=1&clickid=14036284fc034b8f99c2dc8d586bd84c&sessionid=GZKQRPQKkYDZShJpi4jE8X5anXWNFaXHH8c1750156909875,,2026/6/22,25120417948,,,6,Playsuits
女士连体运动服套装，细肩带，短裤下装，针织面料，成分为 92% 尼龙 + 8% 氨纶 JS-DL,深蓝色，S,22.5,https://cf.shopee.vn/file/vn-11134207-7r98o-lt7kgcgnq1fo1d,http://shopee.vn/product/94804830/25120417948,Women Clothes,"Jumpsuits, Playsuits & Overalls",IVCN202606091544,2.41E+11,https://detail.1688.com/offer/902659800817.html?kj_agent_plugin=aliprice&fromkv=xytTrace%3A0bbb04ba17479032646981292e139d&token=IXLf48NJlO6kfsDyXa5%2BR7%2FdwVKcOeioVSUqxQjA1rmhjvdSM%2FIGHOaW93Ei8a7n&tracelog=cps&clickid=10f2c435d249028b07bdc3a54c253f5b&targetUrl=https%3A%2F%2Fs.click.1688.com%2Ft%3Fe%3DA6FEAF87A2FCFBDD05C1BD6ABB449CE46147FC88EA630CBAC31FEFBD3966EDE4DF88C915D5486E33D1003E749B3EAAA5861098A75E16F4D226600F2847DABD1A5F0FFA4FF39BCCC320D4625E68D0D47AF6FEC9241CC79F982F2298161E9E1CDCD9167B64D8C8054E6C14FDB79D7B2707760608E376167AE0C37AC68A2C12576A7EEF6D6099BA67CE2BA95CC4F9A8AC07D13A35F1DB68416F2A2D8246AEAFFA3DE8A10E446E65AE5771CF55DF8EEED6335E97483D73FCC21D088BBA829B4A63B0450DEECD582C46634E629A779498F8CA63369E3E8C3D2199,,2026/6/22,25120417948,,,6,Playsuits
女士连体运动服套装，细肩带，短裤下装，针织面料，成分为 92% 尼龙 + 8% 氨纶 JS-DL,深蓝色，XS,30.08,https://cf.shopee.vn/file/vn-11134207-7r98o-lt7kgcgnq1fo1d,http://shopee.vn/product/94804830/25120417948,Women Clothes,"Jumpsuits, Playsuits & Overalls",IVCN202606091544,2.41E+11,https://detail.1688.com/offer/839358537210.html?spm=a26352.b28411319/2508.0.0,,2026/6/22,25120417948,,,6,Playsuits
雪纺连体裤，适合各种场合。,黄色的,24.74,https://cf.shopee.com.br/file/br-11134207-820ll-ml6et8gmfpc4c2,http://shopee.com.br/product/1242114014/58255871556,Women Clothes,"Jumpsuits, Playsuits & Overalls",IVCN202606091554,1.79E+11,https://detail.1688.com/offer/1005952374235.html?spm=a26352.b28411319/2508.0.0,,2026/6/22,58255871556,,,5,Playsuits
雪纺连体裤，适合各种场合。,粉红,25.3,https://cf.shopee.com.br/file/br-11134207-820lg-ml6et8gmearo57,http://shopee.com.br/product/1242114014/58255871556,Women Clothes,"Jumpsuits, Playsuits & Overalls",IVCN202606091554,1.79E+11,,,2026/6/22,58255871556,,,5,Playsuits
雪纺连体裤，适合各种场合。,黑色,24.27,https://cf.shopee.com.br/file/br-11134207-820l4-mloyzp97zv9hdc,http://shopee.com.br/product/1242114014/58255871556,Women Clothes,"Jumpsuits, Playsuits & Overalls",IVCN202606091554,2.29E+11,https://detail.1688.com/offer/1005952374235.html?spm=a26352.b28411319/2508.0.0,,2026/6/22,58255871556,,,5,Playsuits
雪纺连体裤，适合各种场合。,海军蓝,25.17,https://cf.shopee.com.br/file/br-11134207-820m7-mloyzp9819txa8,http://shopee.com.br/product/1242114014/58255871556,Women Clothes,"Jumpsuits, Playsuits & Overalls",IVCN202606091554,2.29E+11,https://detail.1688.com/offer/1005952374235.html?spm=a26352.b28411319/2508.0.0,,2026/6/22,58255871556,,,5,Playsuits
雪纺连体裤，适合各种场合。,酒红色,24.6,https://cf.shopee.com.br/file/br-11134207-820mf-moipxn000gli1d,http://shopee.com.br/product/1242114014/58255871556,Women Clothes,"Jumpsuits, Playsuits & Overalls",IVCN202606091554,2.29E+11,https://detail.1688.com/offer/1005952374235.html?spm=a26352.b28411319/2508.0.0,,2026/6/22,58255871556,,,5,Playsuits
【畅销款】Paloy - PL2360 山茶花上衣：长袖修身上衣，袖口饰有山茶花。,粉色，L,40.01,https://cf.shopee.co.th/file/th-11134207-81ztp-mnvhtqgev1mw46,http://shopee.co.th/product/1118899247/27832497926,Women Clothes,Tops,IVCN2026062314510,3.50E+11,https://detail.1688.com/offer/894487779282.html?kj_agent_plugin=aliprice&fromkv=xytTrace:0,,2026/6/23,27832497926,,,19,T-shirts
【畅销款】Paloy - PL2360 山茶花上衣：长袖修身上衣，袖口饰有山茶花。,粉色，M,40.01,https://cf.shopee.co.th/file/th-11134207-81ztp-mnvhtqgev1mw46,http://shopee.co.th/product/1118899247/27832497926,Women Clothes,Tops,IVCN2026062314510,1.09E+11,https://detail.1688.com/offer/894487779282.html?kj_agent_plugin=aliprice&fromkv=xytTrace:0,,2026/6/23,27832497926,,,19,T-shirts
【畅销款】Paloy - PL2360 山茶花上衣：长袖修身上衣，袖口饰有山茶花。,粉色，S,41,https://cf.shopee.co.th/file/th-11134207-81ztp-mnvhtqgev1mw46,http://shopee.co.th/product/1118899247/27832497926,Women Clothes,Tops,IVCN2026062314510,1.09E+11,https://detail.1688.com/offer/894487779282.html?kj_agent_plugin=aliprice&fromkv=xytTrace:0,,2026/6/23,27832497926,,,19,T-shirts
【畅销款】Paloy - PL2360 山茶花上衣：长袖修身上衣，袖口饰有山茶花。,黑色，L,40.08,https://cf.shopee.co.th/file/th-11134207-81zth-mnvjcgma9c7878,http://shopee.co.th/product/1118899247/27832497926,Women Clothes,Tops,IVCN2026062314510,3.50E+11,https://detail.1688.com/offer/894487779282.html?kj_agent_plugin=aliprice&fromkv=xytTrace:0,,2026/6/23,27832497926,,,19,T-shirts
【畅销款】Paloy - PL2360 山茶花上衣：长袖修身上衣，袖口饰有山茶花。,黑色，M,40.09,https://cf.shopee.co.th/file/th-11134207-81zth-mnvjcgma9c7878,http://shopee.co.th/product/1118899247/27832497926,Women Clothes,Tops,IVCN2026062314510,1.09E+11,https://detail.1688.com/offer/894487779282.html?kj_agent_plugin=aliprice&fromkv=xytTrace:0,,2026/6/23,27832497926,,,19,T-shirts
【畅销款】Paloy - PL2360 山茶花上衣：长袖修身上衣，袖口饰有山茶花。,黑色，S,40.08,https://cf.shopee.co.th/file/th-11134207-81zth-mnvjcgma9c7878,http://shopee.co.th/product/1118899247/27832497926,Women Clothes,Tops,IVCN2026062314510,1.09E+11,https://detail.1688.com/offer/894487779282.html?kj_agent_plugin=aliprice&fromkv=xytTrace:0,,2026/6/23,27832497926,,,19,T-shirts
【畅销款】Paloy - PL2360 山茶花上衣：长袖修身上衣，袖口饰有山茶花。,奶油，L,40.04,https://cf.shopee.co.th/file/th-11134207-81ztk-mnvhtu1t1fyb76,http://shopee.co.th/product/1118899247/27832497926,Women Clothes,Tops,IVCN2026062314510,3.50E+11,https://detail.1688.com/offer/894487779282.html?kj_agent_plugin=aliprice&fromkv=xytTrace:0,,2026/6/23,27832497926,,,19,T-shirts
【畅销款】Paloy - PL2360 山茶花上衣：长袖修身上衣，袖口饰有山茶花。,奶油，M,40.08,https://cf.shopee.co.th/file/th-11134207-81ztk-mnvhtu1t1fyb76,http://shopee.co.th/product/1118899247/27832497926,Women Clothes,Tops,IVCN2026062314510,1.09E+11,https://detail.1688.com/offer/894487779282.html?kj_agent_plugin=aliprice&fromkv=xytTrace:0,,2026/6/23,27832497926,,,19,T-shirts
【畅销款】Paloy - PL2360 山茶花上衣：长袖修身上衣，袖口饰有山茶花。,奶油，S,41,https://cf.shopee.co.th/file/th-11134207-81ztk-mnvhtu1t1fyb76,http://shopee.co.th/product/1118899247/27832497926,Women Clothes,Tops,IVCN2026062314510,1.09E+11,https://detail.1688.com/offer/894487779282.html?kj_agent_plugin=aliprice&fromkv=xytTrace:0,,2026/6/23,27832497926,,,19,T-shirts
【畅销款】Paloy - PL2360 山茶花上衣：长袖修身上衣，袖口饰有山茶花。,奶油色，XL,40.05,https://cf.shopee.co.th/file/th-11134207-81ztk-mnvhtu1t1fyb76,http://shopee.co.th/product/1118899247/27832497926,Women Clothes,Tops,IVCN2026062314510,3.16E+11,https://detail.1688.com/offer/894487779282.html?kj_agent_plugin=aliprice&fromkv=xytTrace:0,,2026/6/23,27832497926,,,19,T-shirts
【畅销款】Paloy - PL2360 山茶花上衣：长袖修身上衣，袖口饰有山茶花。,黛西，M,40.08,https://cf.shopee.co.th/file/th-11134207-81ztk-mnvahj7khk3p98,http://shopee.co.th/product/1118899247/27832497926,Women Clothes,Tops,IVCN2026062314510,3.36E+11,https://detail.1688.com/offer/894487779282.html?kj_agent_plugin=aliprice&fromkv=xytTrace:0,,2026/6/23,27832497926,,,19,T-shirts
【畅销款】Paloy - PL2360 山茶花上衣：长袖修身上衣，袖口饰有山茶花。,黛西，S,40.05,https://cf.shopee.co.th/file/th-11134207-81ztk-mnvahj7khk3p98,http://shopee.co.th/product/1118899247/27832497926,Women Clothes,Tops,IVCN2026062314510,3.36E+11,https://detail.1688.com/offer/894487779282.html?kj_agent_plugin=aliprice&fromkv=xytTrace:0,,2026/6/23,27832497926,,,19,T-shirts
【畅销款】Paloy - PL2360 山茶花上衣：长袖修身上衣，袖口饰有山茶花。,柠檬，L,39.99,https://cf.shopee.co.th/file/th-11134207-81ztl-mnvahejokirmb1,http://shopee.co.th/product/1118899247/27832497926,Women Clothes,Tops,IVCN2026062314510,3.36E+11,https://detail.1688.com/offer/894487779282.html?kj_agent_plugin=aliprice&fromkv=xytTrace:0,,2026/6/23,27832497926,,,19,T-shirts
【畅销款】Paloy - PL2360 山茶花上衣：长袖修身上衣，袖口饰有山茶花。,柠檬，M,40.1,https://cf.shopee.co.th/file/th-11134207-81ztl-mnvahejokirmb1,http://shopee.co.th/product/1118899247/27832497926,Women Clothes,Tops,IVCN2026062314510,3.36E+11,https://detail.1688.com/offer/894487779282.html?kj_agent_plugin=aliprice&fromkv=xytTrace:0,,2026/6/23,27832497926,,,19,T-shirts
【畅销款】Paloy - PL2360 山茶花上衣：长袖修身上衣，袖口饰有山茶花。,柠檬，S,40.08,https://cf.shopee.co.th/file/th-11134207-81ztl-mnvahejokirmb1,http://shopee.co.th/product/1118899247/27832497926,Women Clothes,Tops,IVCN2026062314510,3.36E+11,https://detail.1688.com/offer/894487779282.html?kj_agent_plugin=aliprice&fromkv=xytTrace:0,,2026/6/23,27832497926,,,19,T-shirts
【畅销款】Paloy - PL2360 山茶花上衣：长袖修身上衣，袖口饰有山茶花。,白雪公主，L,39.99,https://cf.shopee.co.th/file/th-11134207-81ztk-mnwdko0zstmq20,http://shopee.co.th/product/1118899247/27832497926,Women Clothes,Tops,IVCN2026062314510,3.36E+11,https://detail.1688.com/offer/894487779282.html?kj_agent_plugin=aliprice&fromkv=xytTrace:0,,2026/6/23,27832497926,,,19,T-shirts
【畅销款】Paloy - PL2360 山茶花上衣：长袖修身上衣，袖口饰有山茶花。,白雪公主，M,40.1,https://cf.shopee.co.th/file/th-11134207-81ztk-mnwdko0zstmq20,http://shopee.co.th/product/1118899247/27832497926,Women Clothes,Tops,IVCN2026062314510,3.36E+11,https://detail.1688.com/offer/894487779282.html?kj_agent_plugin=aliprice&fromkv=xytTrace:0,,2026/6/23,27832497926,,,19,T-shirts
【畅销款】Paloy - PL2360 山茶花上衣：长袖修身上衣，袖口饰有山茶花。,白雪公主,39.9,https://cf.shopee.co.th/file/th-11134207-81ztk-mnwdko0zstmq20,http://shopee.co.th/product/1118899247/27832497926,Women Clothes,Tops,IVCN2026062314510,3.36E+11,https://detail.1688.com/offer/894487779282.html?kj_agent_plugin=aliprice&fromkv=xytTrace:0,,2026/6/23,27832497926,,,19,T-shirts
【畅销款】Paloy - PL2360 山茶花上衣：长袖修身上衣，袖口饰有山茶花。,圣代，M,40.08,https://cf.shopee.co.th/file/th-11134207-81ztl-mo99eektq4ubd6,http://shopee.co.th/product/1118899247/27832497926,Women Clothes,Tops,IVCN2026062314510,3.31E+11,https://detail.1688.com/offer/894487779282.html?kj_agent_plugin=aliprice&fromkv=xytTrace:0,,2026/6/23,27832497926,,,19,T-shirts
